{"stats":{"minecraft:custom":{"minecraft:interact_with_furnace":24,"minecraft:mob_kills":4,"minecraft:animals_bred":4,"minecraft:interact_with_crafting_table":32,"minecraft:open_barrel":1,"minecraft:leave_game":18,"minecraft:time_since_death":139861,"minecraft:sleep_in_bed":5,"minecraft:time_since_rest":6179,"minecraft:sprint_one_cm":34905,"minecraft:damage_taken":960,"minecraft:walk_one_cm":710041,"minecraft:damage_blocked_by_shield":230,"minecraft:drop":2,"minecraft:damage_dealt":1282,"minecraft:fly_one_cm":18819,"minecraft:open_chest":50,"minecraft:crouch_one_cm":3366,"minecraft:play_time":171652,"minecraft:deaths":1,"minecraft:sneak_time":1286,"minecraft:walk_under_water_one_cm":13833,"minecraft:jump":1064,"minecraft:interact_with_blast_furnace":1,"minecraft:walk_on_water_one_cm":21843,"minecraft:total_world_time":171652,"minecraft:fall_one_cm":7044},"minecraft:picked_up":{"minecraft:charcoal":5,"minecraft:crafting_table":2,"minecraft:iron_chestplate":1,"minecraft:wheat":13,"minecraft:andesite":137,"minecraft:oak_log":57,"minecraft:cherry_fence":5,"minecraft:string":2,"minecraft:cobblestone_wall":3,"minecraft:cobblestone_stairs":9,"minecraft:lapis_lazuli":112,"minecraft:cornflower":1,"minecraft:dirt":285,"minecraft:iron_leggings":1,"minecraft:bone":4,"minecraft:apple":1,"minecraft:wheat_seeds":48,"minecraft:cobbled_deepslate":18,"minecraft:raw_gold":4,"minecraft:iron_ingot":5,"minecraft:sugar_cane":110,"minecraft:chest":2,"minecraft:iron_sword":1,"minecraft:iron_boots":1,"minecraft:stick":11,"minecraft:raw_iron":37,"minecraft:sweet_berries":13,"minecraft:torch":16,"minecraft:sand":5,"minecraft:diorite":1,"minecraft:redstone":9,"minecraft:cherry_fence_gate":1,"minecraft:arrow":4,"minecraft:rotten_flesh":10,"minecraft:iron_helmet":1,"minecraft:granite":58,"minecraft:gray_wool":1,"minecraft:oak_sapling":18,"minecraft:coal":81,"minecraft:white_wool":13,"minecraft:cobblestone":527,"minecraft:sunflower":3},"minecraft:broken":{"minecraft:stone_pickaxe":3,"minecraft:wooden_shovel":1,"minecraft:iron_pickaxe":1,"minecraft:wooden_axe":1,"minecraft:wooden_pickaxe":1},"minecraft:mined":{"minecraft:oak_sapling":1,"minecraft:cobblestone_stairs":9,"minecraft:dandelion":1,"minecraft:crafting_table":2,"minecraft:cornflower":1,"minecraft:torch":2,"minecraft:granite":57,"minecraft:grass_block":150,"minecraft:chest":2,"minecraft:tall_grass":11,"minecraft:deepslate_gold_ore":3,"minecraft:lapis_ore":9,"minecraft:sugar_cane":60,"minecraft:diorite":2,"minecraft:wall_torch":2,"minecraft:cherry_fence":5,"minecraft:redstone_ore":1,"minecraft:cobblestone_wall":3,"minecraft:iron_ore":26,"minecraft:wheat":14,"minecraft:sweet_berry_bush":3,"minecraft:andesite":133,"minecraft:deepslate_lapis_ore":6,"minecraft:grass":88,"minecraft:coal_ore":81,"minecraft:oak_log":58,"minecraft:deepslate_iron_ore":11,"minecraft:sunflower":4,"minecraft:sand":5,"minecraft:dirt":149,"minecraft:stone":525,"minecraft:cherry_fence_gate":1,"minecraft:gold_ore":1,"minecraft:deepslate_redstone_ore":1,"minecraft:oak_leaves":25,"minecraft:deepslate":18},"minecraft:dropped":{"minecraft:iron_ingot":5,"minecraft:charcoal":5},"minecraft:killed":{"minecraft:spider":1,"minecraft:skeleton":1,"minecraft:zombie":2},"minecraft:used":{"minecraft:wheat_seeds":44,"minecraft:cooked_mutton":8,"minecraft:cobblestone_stairs":81,"minecraft:iron_shovel":108,"minecraft:stone_shovel":101,"minecraft:stone_pickaxe":499,"minecraft:shield":6,"minecraft:chest":8,"minecraft:wooden_pickaxe":59,"minecraft:iron_sword":47,"minecraft:wooden_shovel":61,"minecraft:sugar_cane":38,"minecraft:rotten_flesh":4,"minecraft:torch":69,"minecraft:dirt":127,"minecraft:crafting_table":4,"minecraft:cobblestone_wall":66,"minecraft:white_bed":1,"minecraft:oak_log":1,"minecraft:wooden_axe":60,"minecraft:wooden_hoe":32,"minecraft:sunflower":1,"minecraft:iron_pickaxe":330,"minecraft:iron_axe":27,"minecraft:cherry_fence_gate":2,"minecraft:cobblestone":26,"minecraft:sweet_berries":13,"minecraft:oak_sapling":29,"minecraft:furnace":4,"minecraft:andesite":40,"minecraft:cherry_fence":14},"minecraft:killed_by":{"minecraft:zombie":1},"minecraft:crafted":{"minecraft:cherry_planks":68,"minecraft:oak_planks":188,"minecraft:wooden_shovel":1,"minecraft:stone_shovel":1,"minecraft:crafting_table":2,"minecraft:wooden_pickaxe":1,"minecraft:furnace":4,"minecraft:cobblestone_stairs":132,"minecraft:wooden_hoe":1,"minecraft:charcoal":9,"minecraft:shield":1,"minecraft:iron_axe":1,"minecraft:stick":60,"minecraft:iron_ingot":25,"minecraft:stone_sword":1,"minecraft:iron_pickaxe":2,"minecraft:stone_pickaxe":4,"minecraft:wooden_axe":1,"minecraft:cobblestone_wall":90,"minecraft:chest":6,"minecraft:iron_shovel":1,"minecraft:white_bed":1,"minecraft:torch":80,"minecraft:cherry_fence":18,"minecraft:shears":1,"minecraft:cherry_fence_gate":1}},"DataVersion":3463}