{"stats":{"minecraft:killed_by":{"minecraft:creeper":1,"minecraft:zombie":1,"minecraft:player":2},"minecraft:mined":{"minecraft:grass":4,"minecraft:grass_block":1,"minecraft:sand":3,"minecraft:oak_fence":1},"minecraft:used":{"minecraft:oak_fence":1,"minecraft:sand":1,"minecraft:dirt":1},"minecraft:picked_up":{"minecraft:oak_fence":1,"minecraft:sand":3,"minecraft:dirt":1},"minecraft:custom":{"minecraft:time_since_rest":6639,"minecraft:crouch_one_cm":719,"minecraft:play_time":32399,"minecraft:sprint_one_cm":7534,"minecraft:damage_taken":1119,"minecraft:deaths":4,"minecraft:walk_one_cm":36883,"minecraft:sneak_time":726,"minecraft:walk_under_water_one_cm":1361,"minecraft:jump":94,"minecraft:damage_dealt":109,"minecraft:leave_game":9,"minecraft:walk_on_water_one_cm":1283,"minecraft:time_since_death":6533,"minecraft:sleep_in_bed":2,"minecraft:total_world_time":32399,"minecraft:fall_one_cm":896,"minecraft:fly_one_cm":7070,"minecraft:player_kills":1}},"DataVersion":3463}