{"stats":{"minecraft:killed_by":{"minecraft:zombie":1},"minecraft:broken":{"minecraft:stone_pickaxe":2,"minecraft:wooden_shovel":1,"minecraft:wooden_pickaxe":1},"minecraft:mined":{"minecraft:oak_sapling":1,"minecraft:sweet_berry_bush":3,"minecraft:cobblestone_stairs":4,"minecraft:andesite":70,"minecraft:dandelion":1,"minecraft:crafting_table":1,"minecraft:torch":1,"minecraft:cornflower":1,"minecraft:granite":48,"minecraft:grass":75,"minecraft:coal_ore":20,"minecraft:grass_block":47,"minecraft:oak_log":22,"minecraft:sunflower":1,"minecraft:dirt":127,"minecraft:sand":3,"minecraft:tall_grass":7,"minecraft:lapis_ore":5,"minecraft:stone":230,"minecraft:sugar_cane":1,"minecraft:oak_leaves":8},"minecraft:crafted":{"minecraft:oak_planks":44,"minecraft:wooden_shovel":1,"minecraft:stone_shovel":1,"minecraft:wooden_hoe":1,"minecraft:charcoal":8,"minecraft:crafting_table":2,"minecraft:stick":44,"minecraft:wooden_pickaxe":1,"minecraft:stone_pickaxe":3,"minecraft:wooden_axe":1,"minecraft:furnace":1,"minecraft:cobblestone_stairs":132,"minecraft:torch":40},"minecraft:dropped":{"minecraft:charcoal":5},"minecraft:used":{"minecraft:oak_log":1,"minecraft:wheat_seeds":10,"minecraft:wooden_axe":27,"minecraft:wooden_hoe":10,"minecraft:cobblestone_stairs":23,"minecraft:sunflower":1,"minecraft:stone_shovel":101,"minecraft:stone_pickaxe":319,"minecraft:wooden_pickaxe":59,"minecraft:wooden_shovel":61,"minecraft:rotten_flesh":4,"minecraft:torch":11,"minecraft:dirt":7,"minecraft:cobblestone":9,"minecraft:sweet_berries":13,"minecraft:crafting_table":3,"minecraft:furnace":1,"minecraft:oak_sapling":10},"minecraft:picked_up":{"minecraft:charcoal":5,"minecraft:crafting_table":1,"minecraft:andesite":70,"minecraft:sweet_berries":13,"minecraft:torch":1,"minecraft:sand":3,"minecraft:oak_log":21,"minecraft:cobblestone_stairs":4,"minecraft:lapis_lazuli":42,"minecraft:cornflower":1,"minecraft:dirt":160,"minecraft:rotten_flesh":6,"minecraft:wheat_seeds":10,"minecraft:granite":48,"minecraft:oak_sapling":5,"minecraft:sugar_cane":2,"minecraft:coal":20,"minecraft:cobblestone":230,"minecraft:sunflower":1},"minecraft:custom":{"minecraft:time_since_rest":20255,"minecraft:interact_with_furnace":10,"minecraft:sprint_one_cm":20403,"minecraft:damage_taken":420,"minecraft:walk_one_cm":252015,"minecraft:drop":1,"minecraft:damage_dealt":160,"minecraft:fly_one_cm":8910,"minecraft:interact_with_crafting_table":10,"minecraft:open_chest":15,"minecraft:play_time":67622,"minecraft:deaths":1,"minecraft:walk_under_water_one_cm":1091,"minecraft:jump":324,"minecraft:leave_game":14,"minecraft:walk_on_water_one_cm":4742,"minecraft:time_since_death":35831,"minecraft:sleep_in_bed":3,"minecraft:total_world_time":67622,"minecraft:fall_one_cm":2789}},"DataVersion":3463}