{"stats":{"minecraft:killed_by":{"minecraft:zombie":1},"minecraft:broken":{"minecraft:stone_pickaxe":3,"minecraft:wooden_shovel":1,"minecraft:iron_pickaxe":1,"minecraft:wooden_pickaxe":1},"minecraft:mined":{"minecraft:oak_sapling":1,"minecraft:cobblestone_stairs":9,"minecraft:dandelion":1,"minecraft:crafting_table":2,"minecraft:cornflower":1,"minecraft:torch":1,"minecraft:granite":55,"minecraft:grass_block":49,"minecraft:tall_grass":11,"minecraft:lapis_ore":5,"minecraft:sugar_cane":1,"minecraft:diorite":2,"minecraft:wall_torch":2,"minecraft:cherry_fence":5,"minecraft:sweet_berry_bush":3,"minecraft:iron_ore":13,"minecraft:wheat":3,"minecraft:andesite":127,"minecraft:grass":77,"minecraft:oak_log":28,"minecraft:coal_ore":81,"minecraft:sunflower":1,"minecraft:sand":3,"minecraft:dirt":129,"minecraft:stone":470,"minecraft:cherry_fence_gate":1,"minecraft:oak_leaves":9},"minecraft:crafted":{"minecraft:cherry_planks":68,"minecraft:oak_planks":68,"minecraft:wooden_shovel":1,"minecraft:stone_shovel":1,"minecraft:crafting_table":2,"minecraft:wooden_pickaxe":1,"minecraft:furnace":2,"minecraft:cobblestone_stairs":132,"minecraft:wooden_hoe":1,"minecraft:charcoal":8,"minecraft:stick":60,"minecraft:iron_ingot":6,"minecraft:iron_pickaxe":2,"minecraft:stone_pickaxe":4,"minecraft:wooden_axe":1,"minecraft:stone_sword":1,"minecraft:chest":2,"minecraft:torch":80,"minecraft:cherry_fence":18,"minecraft:cherry_fence_gate":1},"minecraft:dropped":{"minecraft:iron_ingot":5,"minecraft:charcoal":5},"minecraft:used":{"minecraft:cooked_mutton":2,"minecraft:wheat_seeds":14,"minecraft:cobblestone_stairs":81,"minecraft:stone_shovel":101,"minecraft:stone_pickaxe":430,"minecraft:chest":2,"minecraft:wooden_pickaxe":59,"minecraft:iron_sword":1,"minecraft:sugar_cane":2,"minecraft:wooden_shovel":61,"minecraft:rotten_flesh":4,"minecraft:torch":30,"minecraft:dirt":29,"minecraft:crafting_table":4,"minecraft:oak_log":1,"minecraft:wooden_axe":35,"minecraft:wooden_hoe":11,"minecraft:sunflower":1,"minecraft:iron_pickaxe":275,"minecraft:cherry_fence_gate":2,"minecraft:cobblestone":26,"minecraft:sweet_berries":13,"minecraft:oak_sapling":10,"minecraft:furnace":2,"minecraft:cherry_fence":14},"minecraft:picked_up":{"minecraft:charcoal":5,"minecraft:crafting_table":2,"minecraft:iron_chestplate":1,"minecraft:wheat":2,"minecraft:andesite":126,"minecraft:oak_log":27,"minecraft:cherry_fence":5,"minecraft:cobblestone_stairs":9,"minecraft:cornflower":1,"minecraft:lapis_lazuli":42,"minecraft:dirt":164,"minecraft:iron_leggings":1,"minecraft:wheat_seeds":14,"minecraft:iron_ingot":5,"minecraft:sugar_cane":2,"minecraft:iron_sword":1,"minecraft:iron_boots":1,"minecraft:raw_iron":13,"minecraft:sweet_berries":13,"minecraft:torch":5,"minecraft:sand":3,"minecraft:diorite":1,"minecraft:cherry_fence_gate":1,"minecraft:rotten_flesh":6,"minecraft:iron_helmet":1,"minecraft:granite":55,"minecraft:oak_sapling":5,"minecraft:coal":81,"minecraft:cobblestone":470,"minecraft:sunflower":1},"minecraft:custom":{"minecraft:interact_with_furnace":15,"minecraft:interact_with_crafting_table":18,"minecraft:leave_game":16,"minecraft:time_since_death":79837,"minecraft:sleep_in_bed":3,"minecraft:time_since_rest":64261,"minecraft:sprint_one_cm":30891,"minecraft:damage_taken":460,"minecraft:walk_one_cm":400297,"minecraft:drop":2,"minecraft:damage_dealt":170,"minecraft:fly_one_cm":14246,"minecraft:open_chest":22,"minecraft:play_time":111628,"minecraft:deaths":1,"minecraft:walk_under_water_one_cm":1297,"minecraft:jump":695,"minecraft:walk_on_water_one_cm":8916,"minecraft:total_world_time":111628,"minecraft:fall_one_cm":4884}},"DataVersion":3463}