{"stats":{"minecraft:killed_by":{"minecraft:zombie":1},"minecraft:broken":{"minecraft:stone_pickaxe":3,"minecraft:wooden_shovel":1,"minecraft:wooden_pickaxe":1},"minecraft:mined":{"minecraft:oak_sapling":1,"minecraft:cobblestone_stairs":9,"minecraft:dandelion":1,"minecraft:crafting_table":2,"minecraft:cornflower":1,"minecraft:torch":1,"minecraft:granite":48,"minecraft:grass_block":48,"minecraft:tall_grass":7,"minecraft:lapis_ore":5,"minecraft:sugar_cane":1,"minecraft:diorite":2,"minecraft:wall_torch":2,"minecraft:wheat":3,"minecraft:iron_ore":13,"minecraft:sweet_berry_bush":3,"minecraft:andesite":96,"minecraft:grass":75,"minecraft:oak_log":28,"minecraft:coal_ore":81,"minecraft:sunflower":1,"minecraft:sand":3,"minecraft:dirt":129,"minecraft:stone":400,"minecraft:oak_leaves":9},"minecraft:crafted":{"minecraft:oak_planks":68,"minecraft:wooden_shovel":1,"minecraft:stone_shovel":1,"minecraft:crafting_table":2,"minecraft:wooden_pickaxe":1,"minecraft:furnace":2,"minecraft:cobblestone_stairs":132,"minecraft:wooden_hoe":1,"minecraft:charcoal":8,"minecraft:stick":60,"minecraft:iron_ingot":6,"minecraft:iron_pickaxe":2,"minecraft:stone_pickaxe":4,"minecraft:wooden_axe":1,"minecraft:stone_sword":1,"minecraft:chest":2,"minecraft:torch":80},"minecraft:dropped":{"minecraft:iron_ingot":5,"minecraft:charcoal":5},"minecraft:used":{"minecraft:wheat_seeds":14,"minecraft:cobblestone_stairs":81,"minecraft:stone_shovel":101,"minecraft:stone_pickaxe":430,"minecraft:chest":2,"minecraft:wooden_pickaxe":59,"minecraft:sugar_cane":2,"minecraft:wooden_shovel":61,"minecraft:rotten_flesh":4,"minecraft:torch":27,"minecraft:dirt":29,"minecraft:crafting_table":4,"minecraft:oak_log":1,"minecraft:wooden_axe":35,"minecraft:wooden_hoe":11,"minecraft:sunflower":1,"minecraft:iron_pickaxe":167,"minecraft:cobblestone":15,"minecraft:sweet_berries":13,"minecraft:oak_sapling":10,"minecraft:furnace":2},"minecraft:picked_up":{"minecraft:charcoal":5,"minecraft:crafting_table":2,"minecraft:wheat":2,"minecraft:andesite":95,"minecraft:oak_log":27,"minecraft:cobblestone_stairs":9,"minecraft:cornflower":1,"minecraft:lapis_lazuli":42,"minecraft:dirt":163,"minecraft:wheat_seeds":14,"minecraft:iron_ingot":5,"minecraft:sugar_cane":2,"minecraft:raw_iron":13,"minecraft:sweet_berries":13,"minecraft:torch":5,"minecraft:sand":3,"minecraft:diorite":1,"minecraft:rotten_flesh":6,"minecraft:granite":48,"minecraft:oak_sapling":5,"minecraft:coal":81,"minecraft:cobblestone":381,"minecraft:sunflower":1},"minecraft:custom":{"minecraft:interact_with_furnace":15,"minecraft:interact_with_crafting_table":17,"minecraft:leave_game":14,"minecraft:time_since_death":59831,"minecraft:sleep_in_bed":3,"minecraft:time_since_rest":44255,"minecraft:sprint_one_cm":22145,"minecraft:damage_taken":420,"minecraft:walk_one_cm":312993,"minecraft:drop":2,"minecraft:damage_dealt":160,"minecraft:fly_one_cm":11124,"minecraft:open_chest":19,"minecraft:play_time":91622,"minecraft:deaths":1,"minecraft:walk_under_water_one_cm":1091,"minecraft:jump":465,"minecraft:walk_on_water_one_cm":4995,"minecraft:total_world_time":91622,"minecraft:fall_one_cm":3058}},"DataVersion":3463}