{"stats":{"minecraft:killed_by":{"minecraft:zombie":1},"minecraft:broken":{"minecraft:wooden_shovel":1},"minecraft:mined":{"minecraft:oak_sapling":1,"minecraft:dandelion":1,"minecraft:cornflower":1,"minecraft:grass":75,"minecraft:grass_block":47,"minecraft:oak_log":16,"minecraft:sunflower":1,"minecraft:dirt":42,"minecraft:sand":3,"minecraft:tall_grass":7,"minecraft:stone":61,"minecraft:sugar_cane":1,"minecraft:oak_leaves":7},"minecraft:crafted":{"minecraft:oak_planks":28,"minecraft:wooden_shovel":1,"minecraft:stone_shovel":1,"minecraft:wooden_hoe":1,"minecraft:crafting_table":1,"minecraft:stick":16,"minecraft:wooden_pickaxe":1,"minecraft:stone_pickaxe":3,"minecraft:wooden_axe":1},"minecraft:used":{"minecraft:oak_log":1,"minecraft:wheat_seeds":10,"minecraft:wooden_axe":16,"minecraft:wooden_hoe":10,"minecraft:sunflower":1,"minecraft:stone_shovel":16,"minecraft:stone_pickaxe":49,"minecraft:wooden_pickaxe":13,"minecraft:wooden_shovel":61,"minecraft:rotten_flesh":3,"minecraft:dirt":7,"minecraft:sweet_berries":4,"minecraft:crafting_table":1,"minecraft:oak_sapling":4},"minecraft:picked_up":{"minecraft:sweet_berries":4,"minecraft:sand":3,"minecraft:oak_log":16,"minecraft:cornflower":1,"minecraft:dirt":87,"minecraft:rotten_flesh":6,"minecraft:wheat_seeds":10,"minecraft:oak_sapling":4,"minecraft:sugar_cane":2,"minecraft:cobblestone":61,"minecraft:sunflower":1},"minecraft:custom":{"minecraft:time_since_rest":11647,"minecraft:interact_with_furnace":1,"minecraft:sprint_one_cm":19155,"minecraft:damage_taken":350,"minecraft:walk_one_cm":180955,"minecraft:fly_one_cm":8587,"minecraft:interact_with_crafting_table":6,"minecraft:open_chest":1,"minecraft:play_time":43622,"minecraft:deaths":1,"minecraft:walk_under_water_one_cm":481,"minecraft:jump":226,"minecraft:leave_game":14,"minecraft:walk_on_water_one_cm":1742,"minecraft:time_since_death":11831,"minecraft:sleep_in_bed":2,"minecraft:total_world_time":43622,"minecraft:fall_one_cm":2789}},"DataVersion":3463}