{"stats":{"minecraft:used":{"minecraft:dirt":5,"minecraft:stone_pickaxe":16},"minecraft:mined":{"minecraft:pink_petals":5,"minecraft:grass":6,"minecraft:oak_log":5,"minecraft:grass_block":7,"minecraft:sunflower":9,"minecraft:dirt":1,"minecraft:oxeye_daisy":1,"minecraft:oak_leaves":10},"minecraft:killed":{"minecraft:chicken":1},"minecraft:custom":{"minecraft:open_chest":2,"minecraft:time_since_rest":11021,"minecraft:play_time":22302,"minecraft:sprint_one_cm":7574,"minecraft:damage_taken":254,"minecraft:deaths":1,"minecraft:walk_one_cm":98221,"minecraft:sneak_time":30,"minecraft:mob_kills":1,"minecraft:jump":172,"minecraft:damage_dealt":55,"minecraft:leave_game":4,"minecraft:time_since_death":10860,"minecraft:sleep_in_bed":1,"minecraft:total_world_time":22302,"minecraft:interact_with_crafting_table":2,"minecraft:fall_one_cm":2263,"minecraft:fly_one_cm":1704},"minecraft:picked_up":{"minecraft:pink_petals":12,"minecraft:feather":2,"minecraft:chicken":1,"minecraft:rotten_flesh":2,"minecraft:oak_log":5,"minecraft:dirt":7,"minecraft:sunflower":8,"minecraft:oxeye_daisy":1}},"DataVersion":3463}