{"stats":{"minecraft:picked_up":{"minecraft:oak_fence":1,"minecraft:dirt":1},"minecraft:killed_by":{"minecraft:creeper":1,"minecraft:zombie":1,"minecraft:player":1},"minecraft:custom":{"minecraft:time_since_rest":3259,"minecraft:crouch_one_cm":719,"minecraft:play_time":18026,"minecraft:sprint_one_cm":6404,"minecraft:walk_one_cm":25400,"minecraft:damage_taken":829,"minecraft:deaths":3,"minecraft:sneak_time":726,"minecraft:walk_under_water_one_cm":1361,"minecraft:jump":73,"minecraft:damage_dealt":99,"minecraft:leave_game":8,"minecraft:time_since_death":7468,"minecraft:walk_on_water_one_cm":1283,"minecraft:sleep_in_bed":2,"minecraft:total_world_time":18026,"minecraft:player_kills":1,"minecraft:fall_one_cm":687,"minecraft:fly_one_cm":6676},"minecraft:used":{"minecraft:oak_fence":1,"minecraft:dirt":1},"minecraft:mined":{"minecraft:grass":4,"minecraft:grass_block":1,"minecraft:oak_fence":1}},"DataVersion":3463}