{"stats":{"minecraft:mined":{"minecraft:grass":9,"minecraft:grass_block":4,"minecraft:oak_log":6,"minecraft:tall_grass":6,"minecraft:dandelion":1,"minecraft:sugar_cane":1,"minecraft:oak_leaves":4,"minecraft:cornflower":1},"minecraft:used":{"minecraft:oak_log":1},"minecraft:picked_up":{"minecraft:wheat_seeds":2,"minecraft:oak_log":6,"minecraft:oak_sapling":1,"minecraft:sugar_cane":2,"minecraft:cornflower":1,"minecraft:dirt":4},"minecraft:custom":{"minecraft:time_since_rest":20131,"minecraft:sprint_one_cm":14883,"minecraft:play_time":20131,"minecraft:walk_one_cm":57237,"minecraft:walk_under_water_one_cm":481,"minecraft:jump":55,"minecraft:leave_game":11,"minecraft:time_since_death":20131,"minecraft:walk_on_water_one_cm":1429,"minecraft:total_world_time":20131,"minecraft:fall_one_cm":269,"minecraft:fly_one_cm":3836}},"DataVersion":3463}