{"stats":{"minecraft:mined":{"minecraft:grass":7,"minecraft:tall_grass":6,"minecraft:oak_log":5,"minecraft:sugar_cane":1,"minecraft:dandelion":1,"minecraft:oak_leaves":4,"minecraft:cornflower":1},"minecraft:picked_up":{"minecraft:oak_log":5,"minecraft:oak_sapling":1,"minecraft:sugar_cane":2,"minecraft:wheat_seeds":2,"minecraft:cornflower":1},"minecraft:custom":{"minecraft:jump":41,"minecraft:time_since_rest":8679,"minecraft:walk_on_water_one_cm":1055,"minecraft:play_time":8679,"minecraft:leave_game":10,"minecraft:sprint_one_cm":14883,"minecraft:time_since_death":8679,"minecraft:walk_one_cm":45192,"minecraft:total_world_time":8679,"minecraft:fly_one_cm":2600,"minecraft:fall_one_cm":269}},"DataVersion":3463}