{"stats":{"minecraft:killed_by":{"minecraft:zombie":1,"minecraft:creeper":1},"minecraft:custom":{"minecraft:jump":9,"minecraft:time_since_rest":3182,"minecraft:deaths":2,"minecraft:damage_dealt":9,"minecraft:sprint_one_cm":828,"minecraft:walk_on_water_one_cm":23,"minecraft:leave_game":7,"minecraft:play_time":8696,"minecraft:damage_taken":602,"minecraft:time_since_death":3033,"minecraft:walk_one_cm":8071,"minecraft:sneak_time":15,"minecraft:total_world_time":8696,"minecraft:fly_one_cm":672}},"DataVersion":3463}