{"stats":{"minecraft:used":{"minecraft:dirt":5},"minecraft:mined":{"minecraft:pink_petals":3,"minecraft:grass":2,"minecraft:grass_block":5,"minecraft:sunflower":3,"minecraft:dirt":1},"minecraft:custom":{"minecraft:open_chest":1,"minecraft:time_since_rest":742,"minecraft:play_time":12023,"minecraft:sprint_one_cm":6214,"minecraft:deaths":1,"minecraft:damage_taken":244,"minecraft:walk_one_cm":48343,"minecraft:sneak_time":30,"minecraft:jump":93,"minecraft:damage_dealt":15,"minecraft:leave_game":3,"minecraft:time_since_death":581,"minecraft:sleep_in_bed":1,"minecraft:total_world_time":12023,"minecraft:fall_one_cm":1452,"minecraft:fly_one_cm":1600},"minecraft:picked_up":{"minecraft:pink_petals":9,"minecraft:rotten_flesh":2,"minecraft:dirt":5,"minecraft:sunflower":2}},"DataVersion":3463}