{"stats":{"minecraft:crafted":{"minecraft:cooked_beef":8},"minecraft:used":{"minecraft:stone_pickaxe":73,"minecraft:dirt":5},"minecraft:mined":{"minecraft:pink_petals":5,"minecraft:grass":13,"minecraft:grass_block":16,"minecraft:oak_log":5,"minecraft:sunflower":9,"minecraft:sand":2,"minecraft:dirt":15,"minecraft:tall_grass":3,"minecraft:stone":7,"minecraft:oxeye_daisy":1,"minecraft:oak_leaves":10},"minecraft:killed":{"minecraft:chicken":1,"minecraft:cow":3},"minecraft:custom":{"minecraft:time_since_rest":11974,"minecraft:interact_with_furnace":4,"minecraft:sprint_one_cm":7574,"minecraft:damage_taken":344,"minecraft:walk_one_cm":158411,"minecraft:mob_kills":4,"minecraft:damage_dealt":346,"minecraft:interact_with_crafting_table":3,"minecraft:fly_one_cm":1809,"minecraft:open_chest":2,"minecraft:play_time":35267,"minecraft:deaths":1,"minecraft:sneak_time":30,"minecraft:walk_under_water_one_cm":1722,"minecraft:jump":278,"minecraft:leave_game":8,"minecraft:walk_on_water_one_cm":1762,"minecraft:time_since_death":23825,"minecraft:sleep_in_bed":3,"minecraft:total_world_time":35267,"minecraft:fall_one_cm":4049},"minecraft:picked_up":{"minecraft:pink_petals":12,"minecraft:feather":2,"minecraft:chicken":1,"minecraft:leather":3,"minecraft:sand":2,"minecraft:oak_log":9,"minecraft:dirt":30,"minecraft:rotten_flesh":2,"minecraft:beef":8,"minecraft:oxeye_daisy":1,"minecraft:cobblestone":7,"minecraft:sunflower":8}},"DataVersion":3463}