{"stats":{"minecraft:mined":{"minecraft:tall_grass":6,"minecraft:grass":7,"minecraft:oak_log":5,"minecraft:sugar_cane":1,"minecraft:dandelion":1,"minecraft:oak_leaves":4,"minecraft:cornflower":1},"minecraft:custom":{"minecraft:jump":34,"minecraft:time_since_rest":7311,"minecraft:play_time":7311,"minecraft:leave_game":6,"minecraft:sprint_one_cm":13613,"minecraft:walk_on_water_one_cm":596,"minecraft:time_since_death":7311,"minecraft:walk_one_cm":41926,"minecraft:total_world_time":7311,"minecraft:fall_one_cm":269,"minecraft:fly_one_cm":685},"minecraft:picked_up":{"minecraft:oak_log":5,"minecraft:oak_sapling":1,"minecraft:sugar_cane":2,"minecraft:cornflower":1,"minecraft:wheat_seeds":2}},"DataVersion":3463}