{"stats":{"minecraft:mined":{"minecraft:grass":7,"minecraft:tall_grass":6,"minecraft:oak_log":5,"minecraft:sugar_cane":1,"minecraft:dandelion":1,"minecraft:oak_leaves":4,"minecraft:cornflower":1},"minecraft:custom":{"minecraft:jump":38,"minecraft:time_since_rest":7930,"minecraft:walk_on_water_one_cm":1055,"minecraft:play_time":7930,"minecraft:leave_game":7,"minecraft:sprint_one_cm":13613,"minecraft:time_since_death":7930,"minecraft:walk_one_cm":45182,"minecraft:total_world_time":7930,"minecraft:fly_one_cm":685,"minecraft:fall_one_cm":269},"minecraft:picked_up":{"minecraft:oak_log":5,"minecraft:oak_sapling":1,"minecraft:sugar_cane":2,"minecraft:wheat_seeds":2,"minecraft:cornflower":1}},"DataVersion":3463}