{"stats":{"minecraft:custom":{"minecraft:interact_with_furnace":17,"minecraft:mob_kills":1,"minecraft:animals_bred":2,"minecraft:interact_with_crafting_table":26,"minecraft:open_barrel":1,"minecraft:leave_game":18,"minecraft:time_since_death":121861,"minecraft:sleep_in_bed":5,"minecraft:time_since_rest":19606,"minecraft:sprint_one_cm":33651,"minecraft:damage_taken":715,"minecraft:walk_one_cm":634229,"minecraft:damage_blocked_by_shield":230,"minecraft:drop":2,"minecraft:damage_dealt":544,"minecraft:fly_one_cm":16697,"minecraft:open_chest":42,"minecraft:crouch_one_cm":2785,"minecraft:play_time":153652,"minecraft:deaths":1,"minecraft:sneak_time":1065,"minecraft:walk_under_water_one_cm":13833,"minecraft:jump":926,"minecraft:interact_with_blast_furnace":1,"minecraft:walk_on_water_one_cm":20646,"minecraft:total_world_time":153652,"minecraft:fall_one_cm":7044},"minecraft:picked_up":{"minecraft:charcoal":5,"minecraft:crafting_table":2,"minecraft:iron_chestplate":1,"minecraft:wheat":13,"minecraft:andesite":136,"minecraft:oak_log":57,"minecraft:cherry_fence":5,"minecraft:cobblestone_wall":3,"minecraft:cobblestone_stairs":9,"minecraft:lapis_lazuli":42,"minecraft:cornflower":1,"minecraft:dirt":266,"minecraft:iron_leggings":1,"minecraft:bone":4,"minecraft:apple":1,"minecraft:wheat_seeds":48,"minecraft:cobbled_deepslate":6,"minecraft:iron_ingot":5,"minecraft:sugar_cane":8,"minecraft:iron_sword":1,"minecraft:iron_boots":1,"minecraft:stick":11,"minecraft:raw_iron":13,"minecraft:sweet_berries":13,"minecraft:torch":15,"minecraft:sand":5,"minecraft:diorite":1,"minecraft:redstone":9,"minecraft:cherry_fence_gate":1,"minecraft:arrow":4,"minecraft:rotten_flesh":6,"minecraft:iron_helmet":1,"minecraft:granite":55,"minecraft:gray_wool":1,"minecraft:oak_sapling":18,"minecraft:coal":81,"minecraft:white_wool":13,"minecraft:cobblestone":511,"minecraft:sunflower":2},"minecraft:broken":{"minecraft:stone_pickaxe":3,"minecraft:wooden_shovel":1,"minecraft:iron_pickaxe":1,"minecraft:wooden_axe":1,"minecraft:wooden_pickaxe":1},"minecraft:mined":{"minecraft:oak_sapling":1,"minecraft:cobblestone_stairs":9,"minecraft:dandelion":1,"minecraft:crafting_table":2,"minecraft:cornflower":1,"minecraft:torch":2,"minecraft:granite":55,"minecraft:grass_block":138,"minecraft:tall_grass":11,"minecraft:lapis_ore":5,"minecraft:sugar_cane":5,"minecraft:diorite":2,"minecraft:wall_torch":2,"minecraft:cherry_fence":5,"minecraft:redstone_ore":1,"minecraft:cobblestone_wall":3,"minecraft:iron_ore":13,"minecraft:wheat":14,"minecraft:sweet_berry_bush":3,"minecraft:andesite":132,"minecraft:grass":86,"minecraft:coal_ore":81,"minecraft:oak_log":58,"minecraft:sunflower":2,"minecraft:sand":5,"minecraft:dirt":142,"minecraft:stone":509,"minecraft:cherry_fence_gate":1,"minecraft:deepslate_redstone_ore":1,"minecraft:oak_leaves":25,"minecraft:deepslate":6},"minecraft:dropped":{"minecraft:iron_ingot":5,"minecraft:charcoal":5},"minecraft:killed":{"minecraft:skeleton":1},"minecraft:used":{"minecraft:wheat_seeds":44,"minecraft:cooked_mutton":4,"minecraft:cobblestone_stairs":81,"minecraft:iron_shovel":88,"minecraft:stone_shovel":101,"minecraft:stone_pickaxe":482,"minecraft:shield":6,"minecraft:chest":2,"minecraft:wooden_pickaxe":59,"minecraft:iron_sword":13,"minecraft:wooden_shovel":61,"minecraft:sugar_cane":8,"minecraft:rotten_flesh":4,"minecraft:torch":45,"minecraft:dirt":123,"minecraft:crafting_table":4,"minecraft:cobblestone_wall":66,"minecraft:white_bed":1,"minecraft:oak_log":1,"minecraft:wooden_axe":60,"minecraft:wooden_hoe":32,"minecraft:sunflower":1,"minecraft:iron_pickaxe":278,"minecraft:iron_axe":27,"minecraft:cherry_fence_gate":2,"minecraft:cobblestone":26,"minecraft:sweet_berries":13,"minecraft:oak_sapling":29,"minecraft:furnace":2,"minecraft:andesite":21,"minecraft:cherry_fence":14},"minecraft:killed_by":{"minecraft:zombie":1},"minecraft:crafted":{"minecraft:cherry_planks":68,"minecraft:oak_planks":136,"minecraft:wooden_shovel":1,"minecraft:stone_shovel":1,"minecraft:crafting_table":2,"minecraft:wooden_pickaxe":1,"minecraft:furnace":2,"minecraft:cobblestone_stairs":132,"minecraft:wooden_hoe":1,"minecraft:charcoal":9,"minecraft:shield":1,"minecraft:iron_axe":1,"minecraft:stick":60,"minecraft:iron_ingot":13,"minecraft:stone_sword":1,"minecraft:iron_pickaxe":2,"minecraft:stone_pickaxe":4,"minecraft:wooden_axe":1,"minecraft:cobblestone_wall":90,"minecraft:chest":2,"minecraft:iron_shovel":1,"minecraft:white_bed":1,"minecraft:torch":80,"minecraft:cherry_fence":18,"minecraft:shears":1,"minecraft:cherry_fence_gate":1}},"DataVersion":3463}