{"stats":{"minecraft:custom":{"minecraft:interact_with_furnace":17,"minecraft:animals_bred":2,"minecraft:interact_with_crafting_table":25,"minecraft:open_barrel":1,"minecraft:leave_game":18,"minecraft:time_since_death":109861,"minecraft:sleep_in_bed":5,"minecraft:time_since_rest":7606,"minecraft:sprint_one_cm":33163,"minecraft:damage_taken":490,"minecraft:walk_one_cm":578866,"minecraft:drop":2,"minecraft:damage_dealt":170,"minecraft:fly_one_cm":15737,"minecraft:open_chest":42,"minecraft:crouch_one_cm":454,"minecraft:play_time":141652,"minecraft:deaths":1,"minecraft:sneak_time":330,"minecraft:walk_under_water_one_cm":10506,"minecraft:jump":841,"minecraft:interact_with_blast_furnace":1,"minecraft:walk_on_water_one_cm":11840,"minecraft:total_world_time":141652,"minecraft:fall_one_cm":6161},"minecraft:picked_up":{"minecraft:charcoal":5,"minecraft:crafting_table":2,"minecraft:iron_chestplate":1,"minecraft:wheat":13,"minecraft:andesite":126,"minecraft:oak_log":57,"minecraft:cherry_fence":5,"minecraft:cobblestone_wall":2,"minecraft:cobblestone_stairs":9,"minecraft:lapis_lazuli":42,"minecraft:cornflower":1,"minecraft:dirt":266,"minecraft:iron_leggings":1,"minecraft:apple":1,"minecraft:wheat_seeds":48,"minecraft:iron_ingot":5,"minecraft:sugar_cane":8,"minecraft:iron_sword":1,"minecraft:iron_boots":1,"minecraft:stick":11,"minecraft:raw_iron":13,"minecraft:sweet_berries":13,"minecraft:torch":8,"minecraft:sand":5,"minecraft:diorite":1,"minecraft:cherry_fence_gate":1,"minecraft:rotten_flesh":6,"minecraft:iron_helmet":1,"minecraft:granite":55,"minecraft:gray_wool":1,"minecraft:oak_sapling":18,"minecraft:coal":81,"minecraft:white_wool":13,"minecraft:cobblestone":470,"minecraft:sunflower":2},"minecraft:broken":{"minecraft:stone_pickaxe":3,"minecraft:wooden_shovel":1,"minecraft:iron_pickaxe":1,"minecraft:wooden_axe":1,"minecraft:wooden_pickaxe":1},"minecraft:mined":{"minecraft:oak_sapling":1,"minecraft:cobblestone_stairs":9,"minecraft:dandelion":1,"minecraft:crafting_table":2,"minecraft:cornflower":1,"minecraft:torch":2,"minecraft:granite":55,"minecraft:grass_block":138,"minecraft:tall_grass":11,"minecraft:lapis_ore":5,"minecraft:sugar_cane":5,"minecraft:diorite":2,"minecraft:wall_torch":2,"minecraft:cherry_fence":5,"minecraft:cobblestone_wall":2,"minecraft:iron_ore":13,"minecraft:wheat":14,"minecraft:sweet_berry_bush":3,"minecraft:andesite":127,"minecraft:grass":86,"minecraft:coal_ore":81,"minecraft:oak_log":58,"minecraft:sunflower":2,"minecraft:sand":5,"minecraft:dirt":142,"minecraft:stone":470,"minecraft:cherry_fence_gate":1,"minecraft:oak_leaves":25},"minecraft:dropped":{"minecraft:iron_ingot":5,"minecraft:charcoal":5},"minecraft:used":{"minecraft:wheat_seeds":44,"minecraft:cooked_mutton":2,"minecraft:cobblestone_stairs":81,"minecraft:iron_shovel":88,"minecraft:stone_shovel":101,"minecraft:stone_pickaxe":432,"minecraft:chest":2,"minecraft:wooden_pickaxe":59,"minecraft:iron_sword":1,"minecraft:wooden_shovel":61,"minecraft:sugar_cane":8,"minecraft:rotten_flesh":4,"minecraft:torch":30,"minecraft:dirt":123,"minecraft:crafting_table":4,"minecraft:cobblestone_wall":42,"minecraft:white_bed":1,"minecraft:oak_log":1,"minecraft:wooden_axe":60,"minecraft:wooden_hoe":32,"minecraft:sunflower":1,"minecraft:iron_pickaxe":275,"minecraft:iron_axe":27,"minecraft:cherry_fence_gate":2,"minecraft:cobblestone":26,"minecraft:sweet_berries":13,"minecraft:oak_sapling":29,"minecraft:furnace":2,"minecraft:cherry_fence":14},"minecraft:killed_by":{"minecraft:zombie":1},"minecraft:crafted":{"minecraft:cherry_planks":68,"minecraft:oak_planks":136,"minecraft:wooden_shovel":1,"minecraft:stone_shovel":1,"minecraft:crafting_table":2,"minecraft:wooden_pickaxe":1,"minecraft:furnace":2,"minecraft:cobblestone_stairs":132,"minecraft:wooden_hoe":1,"minecraft:charcoal":9,"minecraft:iron_axe":1,"minecraft:stick":60,"minecraft:iron_ingot":13,"minecraft:stone_sword":1,"minecraft:iron_pickaxe":2,"minecraft:stone_pickaxe":4,"minecraft:wooden_axe":1,"minecraft:cobblestone_wall":90,"minecraft:chest":2,"minecraft:iron_shovel":1,"minecraft:white_bed":1,"minecraft:torch":80,"minecraft:cherry_fence":18,"minecraft:shears":1,"minecraft:cherry_fence_gate":1}},"DataVersion":3463}