{"stats":{"minecraft:killed_by":{"minecraft:zombie":1},"minecraft:mined":{"minecraft:dandelion":1,"minecraft:cornflower":1,"minecraft:grass":16,"minecraft:grass_block":30,"minecraft:oak_log":11,"minecraft:sand":3,"minecraft:dirt":25,"minecraft:tall_grass":7,"minecraft:sugar_cane":1,"minecraft:oak_leaves":5},"minecraft:crafted":{"minecraft:oak_planks":20,"minecraft:wooden_shovel":1,"minecraft:wooden_hoe":1,"minecraft:crafting_table":1,"minecraft:stick":8,"minecraft:wooden_axe":1},"minecraft:used":{"minecraft:oak_log":1,"minecraft:wheat_seeds":5,"minecraft:wooden_axe":9,"minecraft:wooden_hoe":5,"minecraft:wooden_shovel":43,"minecraft:dirt":7,"minecraft:crafting_table":1,"minecraft:sweet_berries":4,"minecraft:oak_sapling":1},"minecraft:picked_up":{"minecraft:sweet_berries":4,"minecraft:sand":3,"minecraft:oak_log":11,"minecraft:cornflower":1,"minecraft:dirt":53,"minecraft:wheat_seeds":5,"minecraft:oak_sapling":1,"minecraft:sugar_cane":2},"minecraft:custom":{"minecraft:time_since_rest":205,"minecraft:sprint_one_cm":14883,"minecraft:damage_taken":250,"minecraft:walk_one_cm":108297,"minecraft:fly_one_cm":4121,"minecraft:interact_with_crafting_table":4,"minecraft:open_chest":1,"minecraft:play_time":31622,"minecraft:deaths":1,"minecraft:walk_under_water_one_cm":481,"minecraft:jump":135,"minecraft:leave_game":14,"minecraft:time_since_death":0,"minecraft:walk_on_water_one_cm":1742,"minecraft:sleep_in_bed":1,"minecraft:total_world_time":31622,"minecraft:fall_one_cm":1018}},"DataVersion":3463}