{"stats":{"minecraft:crafted":{"minecraft:stone_sword":1,"minecraft:cherry_planks":42,"minecraft:wooden_sword":1,"minecraft:crafting_table":2,"minecraft:stone_pickaxe":1,"minecraft:stick":8,"minecraft:dried_kelp":30,"minecraft:wooden_pickaxe":1,"minecraft:cooked_chicken":3},"minecraft:used":{"minecraft:stone_sword":18,"minecraft:crafting_table":2,"minecraft:stone_pickaxe":3,"minecraft:dried_kelp":10,"minecraft:wooden_pickaxe":29},"minecraft:mined":{"minecraft:coal_ore":23,"minecraft:dirt":2,"minecraft:iron_ore":1,"minecraft:cherry_log":11,"minecraft:stone":6,"minecraft:glow_lichen":2},"minecraft:killed":{"minecraft:bat":1,"minecraft:zombie":2},"minecraft:custom":{"minecraft:open_chest":2,"minecraft:time_since_rest":12000,"minecraft:crouch_one_cm":410,"minecraft:play_time":12000,"minecraft:interact_with_furnace":7,"minecraft:sprint_one_cm":20015,"minecraft:damage_taken":244,"minecraft:walk_one_cm":47153,"minecraft:sneak_time":58,"minecraft:walk_under_water_one_cm":4813,"minecraft:mob_kills":3,"minecraft:jump":123,"minecraft:damage_dealt":711,"minecraft:time_since_death":12000,"minecraft:walk_on_water_one_cm":4380,"minecraft:total_world_time":12000,"minecraft:swim_one_cm":8010,"minecraft:interact_with_crafting_table":3,"minecraft:fall_one_cm":3483,"minecraft:fly_one_cm":11483},"minecraft:picked_up":{"minecraft:raw_iron":1,"minecraft:rotten_flesh":4,"minecraft:cherry_log":11,"minecraft:coal":23,"minecraft:cobblestone":8,"minecraft:dirt":5}},"DataVersion":3463}