{"stats":{"minecraft:broken":{"minecraft:stone_shovel":1},"minecraft:crafted":{"minecraft:cherry_planks":42,"minecraft:wooden_sword":1,"minecraft:stone_shovel":3,"minecraft:crafting_table":2,"minecraft:stick":12,"minecraft:dried_kelp":30,"minecraft:wooden_pickaxe":1,"minecraft:cooked_chicken":3,"minecraft:stone_pickaxe":1,"minecraft:stone_sword":1,"minecraft:chest":1},"minecraft:used":{"minecraft:stone_sword":29,"minecraft:stone_shovel":243,"minecraft:stone_pickaxe":20,"minecraft:dried_kelp":30,"minecraft:chest":1,"minecraft:wooden_pickaxe":29,"minecraft:cooked_chicken":1,"minecraft:dirt":5,"minecraft:cobblestone":11,"minecraft:crafting_table":2},"minecraft:mined":{"minecraft:pink_petals":4,"minecraft:iron_ore":1,"minecraft:cherry_log":11,"minecraft:glow_lichen":2,"minecraft:grass":1,"minecraft:grass_block":123,"minecraft:coal_ore":23,"minecraft:dirt":121,"minecraft:stone":23},"minecraft:killed":{"minecraft:sheep":1,"minecraft:zombie":2,"minecraft:bat":1,"minecraft:cow":4},"minecraft:custom":{"minecraft:time_since_rest":16199,"minecraft:interact_with_furnace":8,"minecraft:sprint_one_cm":64771,"minecraft:damage_taken":264,"minecraft:walk_one_cm":114995,"minecraft:mob_kills":8,"minecraft:drop":5,"minecraft:damage_dealt":1191,"minecraft:interact_with_crafting_table":6,"minecraft:swim_one_cm":9086,"minecraft:fly_one_cm":42516,"minecraft:open_chest":4,"minecraft:crouch_one_cm":958,"minecraft:play_time":31072,"minecraft:sneak_time":210,"minecraft:walk_under_water_one_cm":5637,"minecraft:jump":353,"minecraft:leave_game":1,"minecraft:walk_on_water_one_cm":5799,"minecraft:time_since_death":31072,"minecraft:climb_one_cm":1348,"minecraft:total_world_time":31072,"minecraft:fall_one_cm":6533},"minecraft:picked_up":{"minecraft:pink_petals":260,"minecraft:raw_iron":1,"minecraft:leather":4,"minecraft:cherry_log":11,"minecraft:dirt":419,"minecraft:rotten_flesh":4,"minecraft:wheat_seeds":3,"minecraft:beef":10,"minecraft:black_wool":1,"minecraft:mutton":1,"minecraft:coal":23,"minecraft:cobblestone":20},"minecraft:dropped":{"minecraft:diorite":1,"minecraft:pink_petals":197}},"DataVersion":3463}