{"stats":{"minecraft:killed_by":{"minecraft:zombie":6,"minecraft:player":1,"minecraft:spider":3,"minecraft:skeleton":3},"minecraft:broken":{"minecraft:iron_shovel":2,"minecraft:stone_pickaxe":8,"minecraft:stone_axe":5,"minecraft:stone_shovel":6,"minecraft:stone_sword":1,"minecraft:iron_axe":2,"minecraft:iron_pickaxe":3},"minecraft:mined":{"minecraft:dark_oak_planks":16,"minecraft:white_bed":4,"minecraft:farmland":3,"minecraft:cherry_log":67,"minecraft:brewing_stand":4,"minecraft:granite":48,"minecraft:grass_block":943,"minecraft:oak_pressure_plate":5,"minecraft:oak_wall_sign":1,"minecraft:oxeye_daisy":3,"minecraft:tall_seagrass":1,"minecraft:raw_iron_block":1,"minecraft:iron_ore":58,"minecraft:pumpkin":21,"minecraft:deepslate_lapis_ore":11,"minecraft:fletching_table":1,"minecraft:dark_oak_stairs":3,"minecraft:pointed_dripstone":20,"minecraft:dirt_path":13,"minecraft:water_cauldron":4,"minecraft:oak_stairs":91,"minecraft:deepslate_redstone_ore":41,"minecraft:kelp_plant":36,"minecraft:torch":18,"minecraft:dark_oak_wood":3,"minecraft:poppy":1,"minecraft:chest":15,"minecraft:glass":28,"minecraft:cobblestone":12,"minecraft:oak_planks":31,"minecraft:sugar_cane":27,"minecraft:wall_torch":14,"minecraft:cherry_slab":2,"minecraft:pink_petals":110,"minecraft:dark_oak_slab":1,"minecraft:dark_oak_door":3,"minecraft:birch_log":117,"minecraft:wheat":28,"minecraft:magenta_bed":2,"minecraft:grass":172,"minecraft:oak_log":361,"minecraft:beetroots":1,"minecraft:dark_oak_sapling":2,"minecraft:sand":390,"minecraft:dirt":310,"minecraft:stonecutter":1,"minecraft:oak_leaves":127,"minecraft:deepslate":601,"minecraft:tuff":214,"minecraft:dark_oak_leaves":120,"minecraft:deepslate_diamond_ore":71,"minecraft:dark_oak_log":251,"minecraft:dark_oak_fence":1,"minecraft:kelp":1,"minecraft:sandstone":1,"minecraft:hay_block":49,"minecraft:furnace":11,"minecraft:carrots":12,"minecraft:andesite":5,"minecraft:bell":1,"minecraft:potatoes":10,"minecraft:deepslate_iron_ore":194,"minecraft:stone":1385,"minecraft:cherry_stairs":9,"minecraft:oak_slab":8,"minecraft:cherry_planks":57,"minecraft:stripped_dark_oak_log":2,"minecraft:dandelion":8,"minecraft:oak_fence":20,"minecraft:crafting_table":6,"minecraft:cornflower":65,"minecraft:rose_bush":19,"minecraft:campfire":1,"minecraft:tall_grass":27,"minecraft:copper_ore":22,"minecraft:deepslate_gold_ore":38,"minecraft:lapis_ore":11,"minecraft:diorite":5,"minecraft:birch_planks":11,"minecraft:sweet_berry_bush":13,"minecraft:birch_leaves":17,"minecraft:yellow_bed":4,"minecraft:coal_ore":203,"minecraft:cherry_leaves":11,"minecraft:sunflower":2,"minecraft:gravel":98},"minecraft:crafted":{"minecraft:oak_planks":1349,"minecraft:cherry_slab":18,"minecraft:oak_pressure_plate":4,"minecraft:dark_oak_wood":3,"minecraft:cooked_chicken":5,"minecraft:birch_slab":30,"minecraft:diamond_shovel":1,"minecraft:cooked_mutton":39,"minecraft:dark_oak_door":6,"minecraft:glass":167,"minecraft:diamond_helmet":1,"minecraft:diamond_leggings":1,"minecraft:iron_boots":1,"minecraft:chest":23,"minecraft:stone_hoe":1,"minecraft:oak_fence":63,"minecraft:cherry_fence":15,"minecraft:oak_slab":72,"minecraft:cooked_porkchop":16,"minecraft:crafting_table":27,"minecraft:wooden_pickaxe":3,"minecraft:baked_potato":12,"minecraft:iron_helmet":1,"minecraft:copper_ingot":64,"minecraft:birch_planks":404,"minecraft:campfire":5,"minecraft:dark_oak_slab":18,"minecraft:iron_chestplate":1,"minecraft:diamond_pickaxe":1,"minecraft:birch_fence":3,"minecraft:stick":327,"minecraft:iron_ingot":42,"minecraft:iron_pickaxe":3,"minecraft:stone_sword":2,"minecraft:gold_ingot":3,"minecraft:light_gray_dye":1,"minecraft:birch_stairs":4,"minecraft:cherry_planks":224,"minecraft:stone_shovel":6,"minecraft:diamond_hoe":1,"minecraft:furnace":13,"minecraft:dark_oak_fence":21,"minecraft:iron_axe":3,"minecraft:cherry_stairs":20,"minecraft:stone_pickaxe":26,"minecraft:diamond_boots":1,"minecraft:redstone_block":12,"minecraft:dark_oak_planks":360,"minecraft:wheat":18,"minecraft:cooked_beef":35,"minecraft:red_dye":38,"minecraft:diamond_sword":1,"minecraft:dark_oak_stairs":16,"minecraft:iron_sword":2,"minecraft:cooked_salmon":5,"minecraft:bucket":1,"minecraft:stone_axe":7,"minecraft:air":0,"minecraft:bread":5,"minecraft:blue_dye":64,"minecraft:oak_boat":2,"minecraft:oak_stairs":216,"minecraft:iron_shovel":4,"minecraft:white_bed":1,"minecraft:torch":244,"minecraft:diamond_chestplate":1},"minecraft:killed":{"minecraft:spider":7,"minecraft:skeleton":12,"minecraft:chicken":9,"minecraft:turtle":1,"minecraft:pig":21,"minecraft:zombie_villager":2,"minecraft:salmon":12,"minecraft:sheep":32,"minecraft:zombie":18,"minecraft:cow":13,"minecraft:squid":3},"minecraft:dropped":{"minecraft:iron_sword":1,"minecraft:birch_planks":1,"minecraft:dark_oak_stairs":1,"minecraft:oak_log":2,"minecraft:crafting_table":2,"minecraft:dark_oak_sapling":2,"minecraft:stripped_birch_wood":1,"minecraft:birch_slab":1,"minecraft:leather_helmet":1,"minecraft:item_frame":1,"minecraft:flint":1,"minecraft:dirt":2,"minecraft:birch_fence":1,"minecraft:dark_oak_log":1,"minecraft:dark_oak_fence":1,"minecraft:cornflower":1,"minecraft:chain":1,"minecraft:bone_meal":2,"minecraft:sunflower":2,"minecraft:sand":1,"minecraft:iron_pickaxe":1,"minecraft:dark_oak_planks":1,"minecraft:birch_stairs":1,"minecraft:gold_ingot":3,"minecraft:armor_stand":1,"minecraft:gravel":2,"minecraft:stone_axe":3,"minecraft:cobbled_deepslate":4,"minecraft:rotten_flesh":13,"minecraft:oak_planks":5,"minecraft:birch_fence_gate":1,"minecraft:poppy":3,"minecraft:glowstone":2,"minecraft:chest":3,"minecraft:painting":1,"minecraft:arrow":4,"minecraft:glass":1,"minecraft:wheat_seeds":9,"minecraft:iron_helmet":1,"minecraft:oak_fence":66,"minecraft:cobblestone":64,"minecraft:grass_block":1,"minecraft:coal":3,"minecraft:magenta_bed":2,"minecraft:oxeye_daisy":1,"minecraft:spruce_hanging_sign":1,"minecraft:cooked_salmon":3,"minecraft:iron_leggings":1,"minecraft:white_banner":1,"minecraft:string":6,"minecraft:pink_petals":21,"minecraft:tuff":14,"minecraft:red_banner":2,"minecraft:iron_boots":1,"minecraft:oak_sign":4,"minecraft:spruce_fence":64,"minecraft:flint_and_steel":1,"minecraft:deepslate_bricks":2,"minecraft:stone":1,"minecraft:iron_chestplate":1,"minecraft:andesite":1,"minecraft:blue_banner":3,"minecraft:yellow_bed":3,"minecraft:stone_bricks":1,"minecraft:light_gray_dye":1,"minecraft:sandstone":1,"minecraft:stone_pickaxe":6,"minecraft:wooden_pickaxe":2},"minecraft:used":{"minecraft:iron_shovel":776,"minecraft:diamond_hoe":85,"minecraft:oak_sign":4,"minecraft:stone":32,"minecraft:chest":108,"minecraft:iron_sword":198,"minecraft:iron_chestplate":1,"minecraft:carrot":48,"minecraft:tuff":7,"minecraft:obsidian":38,"minecraft:glass":288,"minecraft:lava_bucket":302,"minecraft:grass_block":33,"minecraft:iron_helmet":1,"minecraft:dark_oak_wood":3,"minecraft:dark_oak_slab":4,"minecraft:stone_bricks":85,"minecraft:blue_banner":4,"minecraft:item_frame":42,"minecraft:spruce_hanging_sign":3,"minecraft:sweet_berries":8,"minecraft:furnace":20,"minecraft:potato":26,"minecraft:dark_oak_sapling":8,"minecraft:dark_oak_stairs":20,"minecraft:cow_spawn_egg":12,"minecraft:stone_pickaxe":1097,"minecraft:oak_planks":286,"minecraft:wooden_pickaxe":50,"minecraft:sugar_cane":79,"minecraft:golden_apple":1,"minecraft:dark_oak_trapdoor":32,"minecraft:sand":95,"minecraft:blast_furnace":22,"minecraft:birch_fence":125,"minecraft:birch_fence_gate":14,"minecraft:crying_obsidian":9,"minecraft:dark_oak_log":243,"minecraft:bread":5,"minecraft:oak_pressure_plate":7,"minecraft:gravel":8,"minecraft:soul_lantern":1,"minecraft:dark_oak_fence":22,"minecraft:chain":15,"minecraft:andesite":4,"minecraft:oak_boat":2,"minecraft:oak_trapdoor":6,"minecraft:oak_fence":102,"minecraft:trident":6,"minecraft:netherite_sword":25,"minecraft:enchanting_table":1,"minecraft:stone_sword":167,"minecraft:flint_and_steel":1,"minecraft:armor_stand":6,"minecraft:stone_shovel":795,"minecraft:stripped_birch_wood":102,"minecraft:cooked_salmon":2,"minecraft:stone_hoe":109,"minecraft:cooked_chicken":6,"minecraft:torch":352,"minecraft:brewing_stand":2,"minecraft:dirt":1396,"minecraft:anvil":9,"minecraft:dark_oak_planks":580,"minecraft:bookshelf":18,"minecraft:iron_axe":463,"minecraft:oak_stairs":387,"minecraft:cherry_slab":20,"minecraft:chicken_spawn_egg":6,"minecraft:smooth_quartz":1,"minecraft:barrel":8,"minecraft:glowstone":55,"minecraft:cooked_beef":22,"minecraft:cobbled_deepslate":14,"minecraft:cherry_fence":15,"minecraft:cherry_log":2,"minecraft:pointed_dripstone":13,"minecraft:iron_leggings":1,"minecraft:cooked_mutton":6,"minecraft:water_bucket":86,"minecraft:birch_planks":386,"minecraft:baked_potato":12,"minecraft:cherry_planks":177,"minecraft:cauldron":12,"minecraft:sheep_spawn_egg":6,"minecraft:deepslate_bricks":209,"minecraft:stripped_dark_oak_log":2,"minecraft:oak_slab":62,"minecraft:crafting_table":31,"minecraft:magenta_bed":2,"minecraft:white_bed":5,"minecraft:campfire":5,"minecraft:painting":13,"minecraft:dark_oak_door":9,"minecraft:oak_log":2,"minecraft:diamond_pickaxe":1153,"minecraft:diamond_shovel":92,"minecraft:pig_spawn_egg":6,"minecraft:iron_pickaxe":750,"minecraft:netherite_axe":43,"minecraft:stone_axe":831,"minecraft:pink_petals":5,"minecraft:cobblestone":79,"minecraft:cherry_stairs":27,"minecraft:white_banner":12,"minecraft:cooked_porkchop":10,"minecraft:red_banner":4,"minecraft:bucket":86,"minecraft:glass_pane":41,"minecraft:yellow_bed":1,"minecraft:birch_stairs":9},"minecraft:picked_up":{"minecraft:wheat":38,"minecraft:oak_stairs":89,"minecraft:brewing_stand":6,"minecraft:string":7,"minecraft:raw_copper":104,"minecraft:cooked_salmon":3,"minecraft:armor_stand":1,"minecraft:iron_leggings":1,"minecraft:oak_sign":17,"minecraft:beetroot":2,"minecraft:gold_nugget":16,"minecraft:cobbled_deepslate":532,"minecraft:rose_bush":19,"minecraft:iron_pickaxe":1,"minecraft:furnace":14,"minecraft:dark_oak_door":7,"minecraft:stick":64,"minecraft:oak_fence":20,"minecraft:torch":50,"minecraft:porkchop":56,"minecraft:dried_kelp":50,"minecraft:cherry_log":55,"minecraft:pointed_dripstone":112,"minecraft:diorite":9,"minecraft:cauldron":8,"minecraft:rotten_flesh":54,"minecraft:blue_dye":64,"minecraft:spruce_hanging_sign":1,"minecraft:stripped_birch_wood":1,"minecraft:cobblestone":1692,"minecraft:birch_log":122,"minecraft:pink_petals":619,"minecraft:feather":16,"minecraft:cooked_beef":10,"minecraft:cherry_planks":88,"minecraft:birch_slab":31,"minecraft:andesite":5,"minecraft:brown_wool":6,"minecraft:potato":52,"minecraft:flint":9,"minecraft:tuff":48,"minecraft:light_gray_dye":1,"minecraft:magenta_bed":2,"minecraft:dirt":1629,"minecraft:lapis_lazuli":109,"minecraft:glass":1,"minecraft:bone":15,"minecraft:bow":1,"minecraft:stonecutter":2,"minecraft:wheat_seeds":170,"minecraft:raw_gold":38,"minecraft:bell":2,"minecraft:fletching_table":1,"minecraft:stone_hoe":1,"minecraft:oak_planks":73,"minecraft:oak_pressure_plate":5,"minecraft:sand":377,"minecraft:ink_sac":12,"minecraft:dark_oak_log":245,"minecraft:diamond":71,"minecraft:granite":49,"minecraft:bone_meal":2,"minecraft:emerald":5,"minecraft:blue_banner":3,"minecraft:oak_sapling":35,"minecraft:cherry_slab":2,"minecraft:dark_oak_fence":2,"minecraft:charcoal":2,"minecraft:crafting_table":8,"minecraft:chicken":10,"minecraft:wooden_pickaxe":1,"minecraft:cornflower":65,"minecraft:wooden_sword":1,"minecraft:flint_and_steel":1,"minecraft:item_frame":1,"minecraft:iron_shovel":1,"minecraft:birch_fence":1,"minecraft:beef":28,"minecraft:poppy":3,"minecraft:sugar_cane":59,"minecraft:chest":16,"minecraft:birch_sapling":9,"minecraft:dark_oak_sapling":44,"minecraft:raw_iron":223,"minecraft:sandstone":1,"minecraft:stone":1,"minecraft:cherry_stairs":17,"minecraft:copper_ingot":64,"minecraft:carrot":48,"minecraft:redstone":166,"minecraft:dark_oak_planks":79,"minecraft:arrow":16,"minecraft:beetroot_seeds":8,"minecraft:deepslate_bricks":2,"minecraft:hay_block":74,"minecraft:saddle":1,"minecraft:gold_ingot":3,"minecraft:mutton":46,"minecraft:white_wool":23,"minecraft:oxeye_daisy":3,"minecraft:glow_ink_sac":4,"minecraft:salmon":10,"minecraft:leather":30,"minecraft:birch_planks":12,"minecraft:oak_log":380,"minecraft:yellow_bed":5,"minecraft:white_banner":1,"minecraft:cooked_mutton":12,"minecraft:stone_bricks":1,"minecraft:apple":8,"minecraft:kelp":309,"minecraft:iron_ingot":2,"minecraft:stone_pickaxe":4,"minecraft:dark_oak_stairs":14,"minecraft:oak_slab":9,"minecraft:dark_oak_slab":16,"minecraft:pumpkin":25,"minecraft:sweet_berries":82,"minecraft:dandelion":8,"minecraft:gravel":95,"minecraft:birch_stairs":5,"minecraft:red_banner":3,"minecraft:white_bed":4,"minecraft:spider_eye":10,"minecraft:leather_helmet":1,"minecraft:stone_axe":1,"minecraft:cherry_sapling":62,"minecraft:gray_wool":3,"minecraft:black_wool":3,"minecraft:stripped_dark_oak_log":2,"minecraft:dark_oak_wood":3,"minecraft:coal":204,"minecraft:sunflower":4},"minecraft:custom":{"minecraft:animals_bred":1,"minecraft:interact_with_crafting_table":118,"minecraft:open_barrel":1,"minecraft:bell_ring":8,"minecraft:leave_game":9,"minecraft:time_since_death":163755,"minecraft:sprint_one_cm":704800,"minecraft:drop":117,"minecraft:talked_to_villager":5,"minecraft:play_time":909201,"minecraft:deaths":16,"minecraft:jump":5121,"minecraft:interact_with_brewingstand":1,"minecraft:walk_on_water_one_cm":48465,"minecraft:interact_with_furnace":110,"minecraft:sleep_in_bed":17,"minecraft:damage_dealt":19345,"minecraft:player_kills":2,"minecraft:crouch_one_cm":31890,"minecraft:mob_kills":131,"minecraft:climb_one_cm":796,"minecraft:walk_one_cm":1927429,"minecraft:damage_dealt_absorbed":21,"minecraft:sneak_time":10928,"minecraft:walk_under_water_one_cm":34649,"minecraft:boat_one_cm":34965,"minecraft:interact_with_blast_furnace":4,"minecraft:total_world_time":909201,"minecraft:interact_with_stonecutter":1,"minecraft:time_since_rest":163874,"minecraft:damage_taken":8440,"minecraft:damage_absorbed":21,"minecraft:swim_one_cm":42517,"minecraft:fly_one_cm":805032,"minecraft:open_chest":204,"minecraft:fall_one_cm":113258}},"DataVersion":3463}