{"stats":{"minecraft:crafted":{"minecraft:oak_planks":128,"minecraft:crafting_table":2,"minecraft:stick":32,"minecraft:wooden_pickaxe":1,"minecraft:stone_pickaxe":1,"minecraft:stone_sword":1,"minecraft:birch_planks":8},"minecraft:mined":{"minecraft:birch_log":17,"minecraft:birch_leaves":1,"minecraft:dandelion":2,"minecraft:oak_fence":12,"minecraft:grass":32,"minecraft:grass_block":6,"minecraft:oak_log":33,"minecraft:chest":3,"minecraft:sand":1,"minecraft:dirt":5,"minecraft:tall_grass":21,"minecraft:stone":10,"minecraft:oak_wall_sign":1},"minecraft:used":{"minecraft:oak_fence":30,"minecraft:netherite_sword":22,"minecraft:trident":6,"minecraft:stone_sword":18,"minecraft:netherite_axe":43,"minecraft:oak_sign":4,"minecraft:chest":5,"minecraft:wooden_pickaxe":10,"minecraft:golden_apple":1,"minecraft:sand":1,"minecraft:cobblestone":2,"minecraft:crafting_table":1,"minecraft:magenta_bed":2},"minecraft:killed":{"minecraft:sheep":5,"minecraft:skeleton":1,"minecraft:zombie":4,"minecraft:spider":1},"minecraft:killed_by":{"minecraft:player":1,"minecraft:skeleton":1,"minecraft:spider":1,"minecraft:zombie":3},"minecraft:custom":{"minecraft:time_since_rest":3425,"minecraft:sprint_one_cm":65467,"minecraft:damage_taken":2280,"minecraft:damage_absorbed":21,"minecraft:walk_one_cm":122364,"minecraft:mob_kills":11,"minecraft:drop":1,"minecraft:damage_dealt":2220,"minecraft:interact_with_crafting_table":2,"minecraft:damage_dealt_absorbed":21,"minecraft:swim_one_cm":6353,"minecraft:fly_one_cm":85447,"minecraft:player_kills":1,"minecraft:open_chest":14,"minecraft:crouch_one_cm":131,"minecraft:play_time":114060,"minecraft:deaths":8,"minecraft:sneak_time":111,"minecraft:walk_under_water_one_cm":2186,"minecraft:jump":440,"minecraft:leave_game":4,"minecraft:walk_on_water_one_cm":2759,"minecraft:time_since_death":3975,"minecraft:sleep_in_bed":1,"minecraft:total_world_time":114060,"minecraft:fall_one_cm":3671},"minecraft:picked_up":{"minecraft:birch_log":16,"minecraft:oak_fence":12,"minecraft:sand":1,"minecraft:oak_log":32,"minecraft:string":1,"minecraft:dirt":11,"minecraft:leather_helmet":1,"minecraft:oak_sign":17,"minecraft:rotten_flesh":2,"minecraft:wheat_seeds":3,"minecraft:black_wool":2,"minecraft:chest":3,"minecraft:mutton":8,"minecraft:white_wool":3,"minecraft:cobblestone":10},"minecraft:dropped":{"minecraft:leather_helmet":1}},"DataVersion":3463}