{"stats":{"minecraft:dropped":{"minecraft:leather_helmet":1},"minecraft:picked_up":{"minecraft:birch_log":16,"minecraft:oak_log":32,"minecraft:string":1,"minecraft:dirt":9,"minecraft:leather_helmet":1,"minecraft:rotten_flesh":1,"minecraft:wheat_seeds":3,"minecraft:black_wool":2,"minecraft:mutton":8,"minecraft:white_wool":3,"minecraft:cobblestone":10},"minecraft:crafted":{"minecraft:oak_planks":128,"minecraft:crafting_table":2,"minecraft:stick":32,"minecraft:stone_pickaxe":1,"minecraft:wooden_pickaxe":1,"minecraft:stone_sword":1,"minecraft:birch_planks":8},"minecraft:killed":{"minecraft:sheep":5,"minecraft:skeleton":1,"minecraft:zombie":3,"minecraft:spider":1},"minecraft:used":{"minecraft:trident":6,"minecraft:netherite_sword":22,"minecraft:stone_sword":13,"minecraft:netherite_axe":43,"minecraft:wooden_pickaxe":10,"minecraft:golden_apple":1,"minecraft:cobblestone":2,"minecraft:crafting_table":1},"minecraft:custom":{"minecraft:time_since_rest":16415,"minecraft:damage_absorbed":21,"minecraft:sprint_one_cm":56709,"minecraft:walk_one_cm":69644,"minecraft:damage_taken":1008,"minecraft:mob_kills":10,"minecraft:drop":1,"minecraft:damage_dealt":1799,"minecraft:damage_dealt_absorbed":21,"minecraft:swim_one_cm":5396,"minecraft:interact_with_crafting_table":2,"minecraft:fly_one_cm":64874,"minecraft:play_time":46417,"minecraft:deaths":3,"minecraft:sneak_time":31,"minecraft:walk_under_water_one_cm":1821,"minecraft:jump":302,"minecraft:leave_game":1,"minecraft:walk_on_water_one_cm":2160,"minecraft:time_since_death":16359,"minecraft:total_world_time":46417,"minecraft:fall_one_cm":3253},"minecraft:killed_by":{"minecraft:skeleton":1,"minecraft:spider":1,"minecraft:zombie":1},"minecraft:mined":{"minecraft:birch_log":17,"minecraft:birch_leaves":1,"minecraft:dandelion":2,"minecraft:grass":25,"minecraft:grass_block":4,"minecraft:oak_log":33,"minecraft:dirt":5,"minecraft:tall_grass":20,"minecraft:stone":10}},"DataVersion":3463}