{"stats":{"minecraft:picked_up":{"minecraft:dirt":1},"minecraft:custom":{"minecraft:jump":35,"minecraft:time_since_rest":609,"minecraft:damage_dealt":139,"minecraft:deaths":1,"minecraft:sprint_one_cm":3303,"minecraft:play_time":6000,"minecraft:damage_taken":255,"minecraft:time_since_death":559,"minecraft:walk_one_cm":13438,"minecraft:total_world_time":6000,"minecraft:fall_one_cm":269,"minecraft:fly_one_cm":5303},"minecraft:mined":{"minecraft:tall_grass":6,"minecraft:grass":6,"minecraft:grass_block":1},"minecraft:killed_by":{"minecraft:skeleton":1}},"DataVersion":3463}