{"stats":{"minecraft:crafted":{"minecraft:oak_planks":180,"minecraft:crafting_table":4,"minecraft:wooden_pickaxe":3,"minecraft:birch_planks":8,"minecraft:stone_axe":1,"minecraft:stick":96,"minecraft:stone_pickaxe":2,"minecraft:stone_sword":2,"minecraft:torch":4},"minecraft:mined":{"minecraft:kelp_plant":36,"minecraft:dandelion":8,"minecraft:oak_fence":20,"minecraft:grass_block":9,"minecraft:chest":3,"minecraft:tall_grass":21,"minecraft:sugar_cane":6,"minecraft:kelp":1,"minecraft:oak_wall_sign":1,"minecraft:wall_torch":2,"minecraft:tall_seagrass":1,"minecraft:birch_log":17,"minecraft:magenta_bed":2,"minecraft:andesite":2,"minecraft:birch_leaves":1,"minecraft:grass":32,"minecraft:coal_ore":16,"minecraft:oak_log":46,"minecraft:sand":1,"minecraft:dirt":13,"minecraft:stone":45,"minecraft:oak_leaves":7},"minecraft:used":{"minecraft:oak_fence":30,"minecraft:trident":6,"minecraft:netherite_sword":22,"minecraft:stone_sword":18,"minecraft:stone_pickaxe":28,"minecraft:oak_sign":4,"minecraft:chest":5,"minecraft:wooden_pickaxe":50,"minecraft:torch":3,"minecraft:golden_apple":1,"minecraft:sand":5,"minecraft:crafting_table":3,"minecraft:magenta_bed":2,"minecraft:netherite_axe":43,"minecraft:cobblestone":2},"minecraft:killed":{"minecraft:spider":1,"minecraft:sheep":5,"minecraft:skeleton":1,"minecraft:zombie":4},"minecraft:killed_by":{"minecraft:player":1,"minecraft:skeleton":1,"minecraft:spider":1,"minecraft:zombie":4},"minecraft:custom":{"minecraft:mob_kills":11,"minecraft:interact_with_crafting_table":6,"minecraft:leave_game":4,"minecraft:time_since_death":6340,"minecraft:sleep_in_bed":1,"minecraft:time_since_rest":6377,"minecraft:sprint_one_cm":80145,"minecraft:walk_one_cm":146036,"minecraft:damage_taken":2627,"minecraft:damage_absorbed":21,"minecraft:drop":14,"minecraft:damage_dealt":2316,"minecraft:damage_dealt_absorbed":21,"minecraft:swim_one_cm":15522,"minecraft:fly_one_cm":113748,"minecraft:player_kills":1,"minecraft:open_chest":14,"minecraft:crouch_one_cm":131,"minecraft:play_time":138060,"minecraft:deaths":9,"minecraft:sneak_time":111,"minecraft:walk_under_water_one_cm":8340,"minecraft:jump":566,"minecraft:walk_on_water_one_cm":10926,"minecraft:total_world_time":138060,"minecraft:fall_one_cm":4925},"minecraft:picked_up":{"minecraft:birch_log":16,"minecraft:andesite":2,"minecraft:oak_log":45,"minecraft:magenta_bed":2,"minecraft:dirt":22,"minecraft:string":1,"minecraft:oak_sign":17,"minecraft:kelp":245,"minecraft:wheat_seeds":3,"minecraft:stone_pickaxe":1,"minecraft:sugar_cane":16,"minecraft:chest":3,"minecraft:oak_fence":20,"minecraft:torch":2,"minecraft:dandelion":6,"minecraft:sand":1,"minecraft:leather_helmet":1,"minecraft:rotten_flesh":2,"minecraft:black_wool":2,"minecraft:mutton":8,"minecraft:coal":16,"minecraft:white_wool":3,"minecraft:cobblestone":44},"minecraft:dropped":{"minecraft:oak_fence":66,"minecraft:rotten_flesh":1,"minecraft:spruce_fence":64,"minecraft:oak_sign":4,"minecraft:leather_helmet":1,"minecraft:magenta_bed":2,"minecraft:dirt":2,"minecraft:chest":2,"minecraft:sand":1,"minecraft:stone_pickaxe":1,"minecraft:wooden_pickaxe":1}},"DataVersion":3463}