{"stats":{"minecraft:broken":{"minecraft:iron_shovel":1,"minecraft:stone_sword":1,"minecraft:stone_pickaxe":6,"minecraft:iron_axe":1,"minecraft:stone_axe":1,"minecraft:stone_shovel":4},"minecraft:crafted":{"minecraft:cherry_planks":184,"minecraft:oak_planks":484,"minecraft:stone_shovel":4,"minecraft:cooked_chicken":5,"minecraft:birch_slab":30,"minecraft:furnace":11,"minecraft:iron_axe":1,"minecraft:stone_pickaxe":23,"minecraft:chest":7,"minecraft:wheat":18,"minecraft:cooked_beef":35,"minecraft:red_dye":38,"minecraft:cooked_porkchop":14,"minecraft:crafting_table":11,"minecraft:iron_helmet":1,"minecraft:wooden_pickaxe":3,"minecraft:iron_sword":1,"minecraft:cooked_salmon":5,"minecraft:copper_ingot":64,"minecraft:birch_planks":36,"minecraft:stone_axe":2,"minecraft:bread":5,"minecraft:air":0,"minecraft:blue_dye":64,"minecraft:oak_boat":1,"minecraft:iron_chestplate":1,"minecraft:stick":136,"minecraft:iron_pickaxe":1,"minecraft:iron_ingot":15,"minecraft:stone_sword":2,"minecraft:iron_shovel":1,"minecraft:light_gray_dye":1,"minecraft:torch":84},"minecraft:used":{"minecraft:oak_fence":30,"minecraft:trident":6,"minecraft:netherite_sword":22,"minecraft:stone_sword":167,"minecraft:iron_shovel":250,"minecraft:stone_shovel":534,"minecraft:oak_sign":4,"minecraft:chest":18,"minecraft:iron_sword":55,"minecraft:cooked_chicken":4,"minecraft:torch":86,"minecraft:dirt":469,"minecraft:iron_axe":202,"minecraft:furnace":18,"minecraft:cooked_beef":5,"minecraft:cobbled_deepslate":2,"minecraft:stone_pickaxe":831,"minecraft:wooden_pickaxe":50,"minecraft:golden_apple":1,"minecraft:sand":14,"minecraft:crafting_table":12,"minecraft:magenta_bed":2,"minecraft:white_bed":2,"minecraft:bread":5,"minecraft:iron_pickaxe":1,"minecraft:netherite_axe":43,"minecraft:gravel":7,"minecraft:stone_axe":174,"minecraft:pink_petals":5,"minecraft:cobblestone":8,"minecraft:cooked_porkchop":8,"minecraft:andesite":4,"minecraft:yellow_bed":1,"minecraft:oak_boat":1},"minecraft:mined":{"minecraft:dark_oak_planks":3,"minecraft:tuff":27,"minecraft:white_bed":2,"minecraft:cherry_log":58,"minecraft:brewing_stand":2,"minecraft:granite":48,"minecraft:grass_block":355,"minecraft:kelp":1,"minecraft:oak_wall_sign":1,"minecraft:oxeye_daisy":3,"minecraft:hay_block":13,"minecraft:tall_seagrass":1,"minecraft:furnace":7,"minecraft:iron_ore":33,"minecraft:andesite":5,"minecraft:pumpkin":4,"minecraft:fletching_table":1,"minecraft:deepslate_iron_ore":5,"minecraft:stone":385,"minecraft:kelp_plant":36,"minecraft:dandelion":8,"minecraft:crafting_table":2,"minecraft:oak_fence":20,"minecraft:cornflower":65,"minecraft:torch":4,"minecraft:chest":9,"minecraft:rose_bush":19,"minecraft:copper_ore":22,"minecraft:tall_grass":27,"minecraft:lapis_ore":4,"minecraft:sugar_cane":11,"minecraft:diorite":3,"minecraft:wall_torch":7,"minecraft:pink_petals":108,"minecraft:birch_log":50,"minecraft:magenta_bed":2,"minecraft:birch_leaves":2,"minecraft:yellow_bed":4,"minecraft:grass":133,"minecraft:coal_ore":120,"minecraft:oak_log":169,"minecraft:cherry_leaves":10,"minecraft:sunflower":2,"minecraft:dirt":200,"minecraft:sand":256,"minecraft:gravel":4,"minecraft:stonecutter":1,"minecraft:oak_leaves":49,"minecraft:deepslate":194},"minecraft:killed":{"minecraft:spider":5,"minecraft:skeleton":7,"minecraft:chicken":8,"minecraft:pig":21,"minecraft:salmon":7,"minecraft:sheep":32,"minecraft:zombie":13,"minecraft:cow":12},"minecraft:killed_by":{"minecraft:player":1,"minecraft:spider":3,"minecraft:skeleton":3,"minecraft:zombie":5},"minecraft:custom":{"minecraft:mob_kills":105,"minecraft:animals_bred":1,"minecraft:interact_with_crafting_table":47,"minecraft:bell_ring":8,"minecraft:leave_game":5,"minecraft:time_since_death":80830,"minecraft:sprint_one_cm":305135,"minecraft:walk_one_cm":630889,"minecraft:drop":33,"minecraft:damage_dealt_absorbed":21,"minecraft:talked_to_villager":4,"minecraft:play_time":294986,"minecraft:deaths":14,"minecraft:sneak_time":1201,"minecraft:walk_under_water_one_cm":20356,"minecraft:boat_one_cm":9810,"minecraft:interact_with_brewingstand":1,"minecraft:jump":2371,"minecraft:walk_on_water_one_cm":20577,"minecraft:total_world_time":294986,"minecraft:interact_with_furnace":59,"minecraft:sleep_in_bed":4,"minecraft:time_since_rest":380,"minecraft:damage_taken":5369,"minecraft:damage_absorbed":21,"minecraft:damage_dealt":13450,"minecraft:fly_one_cm":342030,"minecraft:swim_one_cm":24578,"minecraft:player_kills":1,"minecraft:open_chest":75,"minecraft:crouch_one_cm":2633,"minecraft:fall_one_cm":42328},"minecraft:picked_up":{"minecraft:crafting_table":4,"minecraft:chicken":8,"minecraft:brewing_stand":2,"minecraft:cornflower":65,"minecraft:string":7,"minecraft:raw_copper":84,"minecraft:iron_leggings":1,"minecraft:oak_sign":17,"minecraft:cobbled_deepslate":194,"minecraft:beef":25,"minecraft:rose_bush":19,"minecraft:iron_pickaxe":1,"minecraft:sugar_cane":29,"minecraft:chest":9,"minecraft:furnace":10,"minecraft:raw_iron":41,"minecraft:stick":21,"minecraft:oak_fence":20,"minecraft:torch":14,"minecraft:porkchop":42,"minecraft:dried_kelp":25,"minecraft:cherry_log":46,"minecraft:diorite":4,"minecraft:dark_oak_planks":3,"minecraft:arrow":8,"minecraft:rotten_flesh":22,"minecraft:hay_block":20,"minecraft:mutton":46,"minecraft:cobblestone":514,"minecraft:white_wool":23,"minecraft:oxeye_daisy":1,"minecraft:birch_log":48,"minecraft:pink_petals":265,"minecraft:feather":7,"minecraft:glow_ink_sac":2,"minecraft:salmon":5,"minecraft:andesite":5,"minecraft:brown_wool":3,"minecraft:leather":12,"minecraft:tuff":27,"minecraft:light_gray_dye":1,"minecraft:oak_log":165,"minecraft:magenta_bed":2,"minecraft:yellow_bed":5,"minecraft:lapis_lazuli":29,"minecraft:dirt":615,"minecraft:bone":10,"minecraft:kelp":245,"minecraft:stonecutter":1,"minecraft:wheat_seeds":17,"minecraft:iron_ingot":2,"minecraft:stone_pickaxe":3,"minecraft:fletching_table":1,"minecraft:oak_planks":11,"minecraft:pumpkin":4,"minecraft:dandelion":7,"minecraft:gravel":9,"minecraft:sand":247,"minecraft:white_bed":2,"minecraft:spider_eye":5,"minecraft:leather_helmet":1,"minecraft:granite":48,"minecraft:cherry_sapling":42,"minecraft:gray_wool":3,"minecraft:oak_sapling":8,"minecraft:black_wool":2,"minecraft:coal":121,"minecraft:sunflower":2},"minecraft:dropped":{"minecraft:wheat_seeds":1,"minecraft:crafting_table":2,"minecraft:oak_fence":66,"minecraft:cobblestone":64,"minecraft:coal":3,"minecraft:leather_helmet":1,"minecraft:magenta_bed":2,"minecraft:dirt":2,"minecraft:cornflower":1,"minecraft:sunflower":1,"minecraft:sand":1,"minecraft:iron_pickaxe":1,"minecraft:string":6,"minecraft:gravel":2,"minecraft:stone_axe":1,"minecraft:rotten_flesh":1,"minecraft:oak_planks":1,"minecraft:spruce_fence":64,"minecraft:oak_sign":4,"minecraft:andesite":1,"minecraft:yellow_bed":3,"minecraft:chest":2,"minecraft:light_gray_dye":1,"minecraft:stone_pickaxe":3,"minecraft:wooden_pickaxe":2}},"DataVersion":3463}