{"stats":{"minecraft:broken":{"minecraft:stone_sword":1,"minecraft:stone_pickaxe":6,"minecraft:stone_axe":1},"minecraft:crafted":{"minecraft:oak_planks":460,"minecraft:cooked_chicken":3,"minecraft:furnace":7,"minecraft:iron_axe":1,"minecraft:stone_pickaxe":23,"minecraft:chest":4,"minecraft:wheat":18,"minecraft:red_dye":38,"minecraft:cooked_porkchop":8,"minecraft:crafting_table":9,"minecraft:wooden_pickaxe":3,"minecraft:birch_planks":36,"minecraft:stone_axe":2,"minecraft:bread":5,"minecraft:air":0,"minecraft:blue_dye":64,"minecraft:stick":136,"minecraft:stone_sword":2,"minecraft:light_gray_dye":1,"minecraft:torch":84},"minecraft:mined":{"minecraft:tuff":27,"minecraft:brewing_stand":1,"minecraft:granite":48,"minecraft:grass_block":13,"minecraft:kelp":1,"minecraft:oak_wall_sign":1,"minecraft:oxeye_daisy":3,"minecraft:hay_block":12,"minecraft:tall_seagrass":1,"minecraft:iron_ore":29,"minecraft:andesite":5,"minecraft:deepslate_iron_ore":5,"minecraft:stone":385,"minecraft:kelp_plant":36,"minecraft:dandelion":8,"minecraft:oak_fence":20,"minecraft:cornflower":65,"minecraft:torch":3,"minecraft:chest":6,"minecraft:rose_bush":19,"minecraft:copper_ore":22,"minecraft:tall_grass":26,"minecraft:lapis_ore":4,"minecraft:sugar_cane":6,"minecraft:diorite":3,"minecraft:wall_torch":7,"minecraft:birch_log":24,"minecraft:magenta_bed":2,"minecraft:birch_leaves":1,"minecraft:yellow_bed":1,"minecraft:grass":51,"minecraft:coal_ore":120,"minecraft:oak_log":119,"minecraft:dirt":15,"minecraft:sand":1,"minecraft:gravel":4,"minecraft:oak_leaves":38,"minecraft:deepslate":194},"minecraft:used":{"minecraft:oak_fence":30,"minecraft:trident":6,"minecraft:netherite_sword":22,"minecraft:stone_sword":167,"minecraft:oak_sign":4,"minecraft:chest":12,"minecraft:cooked_chicken":3,"minecraft:torch":83,"minecraft:dirt":5,"minecraft:iron_axe":4,"minecraft:furnace":7,"minecraft:cobbled_deepslate":2,"minecraft:stone_pickaxe":819,"minecraft:wooden_pickaxe":50,"minecraft:golden_apple":1,"minecraft:sand":5,"minecraft:crafting_table":7,"minecraft:magenta_bed":2,"minecraft:bread":4,"minecraft:netherite_axe":43,"minecraft:gravel":4,"minecraft:stone_axe":130,"minecraft:cobblestone":8,"minecraft:cooked_porkchop":7,"minecraft:andesite":4},"minecraft:killed":{"minecraft:spider":5,"minecraft:skeleton":7,"minecraft:chicken":6,"minecraft:pig":7,"minecraft:sheep":5,"minecraft:zombie":11,"minecraft:cow":2},"minecraft:killed_by":{"minecraft:player":1,"minecraft:spider":3,"minecraft:skeleton":3,"minecraft:zombie":5},"minecraft:custom":{"minecraft:mob_kills":43,"minecraft:animals_bred":1,"minecraft:interact_with_crafting_table":20,"minecraft:bell_ring":8,"minecraft:leave_game":5,"minecraft:time_since_death":8830,"minecraft:sprint_one_cm":162915,"minecraft:walk_one_cm":381984,"minecraft:drop":20,"minecraft:damage_dealt_absorbed":21,"minecraft:play_time":222986,"minecraft:deaths":14,"minecraft:sneak_time":799,"minecraft:walk_under_water_one_cm":11941,"minecraft:interact_with_brewingstand":1,"minecraft:jump":1444,"minecraft:walk_on_water_one_cm":15462,"minecraft:total_world_time":222986,"minecraft:interact_with_furnace":15,"minecraft:sleep_in_bed":2,"minecraft:time_since_rest":8927,"minecraft:damage_taken":4895,"minecraft:damage_absorbed":21,"minecraft:damage_dealt":8283,"minecraft:fly_one_cm":195848,"minecraft:swim_one_cm":17423,"minecraft:player_kills":1,"minecraft:open_chest":27,"minecraft:crouch_one_cm":2112,"minecraft:fall_one_cm":15648},"minecraft:picked_up":{"minecraft:chicken":6,"minecraft:brewing_stand":1,"minecraft:cornflower":65,"minecraft:string":7,"minecraft:raw_copper":84,"minecraft:iron_leggings":1,"minecraft:oak_sign":17,"minecraft:cobbled_deepslate":194,"minecraft:beef":3,"minecraft:rose_bush":19,"minecraft:sugar_cane":16,"minecraft:chest":6,"minecraft:furnace":3,"minecraft:raw_iron":33,"minecraft:stick":2,"minecraft:oak_fence":20,"minecraft:torch":12,"minecraft:porkchop":14,"minecraft:dried_kelp":25,"minecraft:diorite":4,"minecraft:arrow":8,"minecraft:rotten_flesh":14,"minecraft:hay_block":12,"minecraft:mutton":8,"minecraft:cobblestone":450,"minecraft:white_wool":3,"minecraft:oxeye_daisy":1,"minecraft:birch_log":23,"minecraft:feather":6,"minecraft:glow_ink_sac":2,"minecraft:andesite":5,"minecraft:leather":1,"minecraft:tuff":27,"minecraft:oak_log":115,"minecraft:magenta_bed":2,"minecraft:yellow_bed":1,"minecraft:lapis_lazuli":29,"minecraft:dirt":28,"minecraft:bone":5,"minecraft:kelp":245,"minecraft:wheat_seeds":4,"minecraft:iron_ingot":1,"minecraft:stone_pickaxe":3,"minecraft:oak_planks":9,"minecraft:dandelion":6,"minecraft:gravel":9,"minecraft:sand":1,"minecraft:spider_eye":5,"minecraft:leather_helmet":1,"minecraft:granite":48,"minecraft:oak_sapling":3,"minecraft:black_wool":2,"minecraft:coal":120},"minecraft:dropped":{"minecraft:oak_fence":66,"minecraft:coal":3,"minecraft:leather_helmet":1,"minecraft:magenta_bed":2,"minecraft:dirt":2,"minecraft:cornflower":1,"minecraft:sand":1,"minecraft:rotten_flesh":1,"minecraft:oak_planks":1,"minecraft:spruce_fence":64,"minecraft:oak_sign":4,"minecraft:chest":2,"minecraft:stone_pickaxe":3,"minecraft:wooden_pickaxe":2}},"DataVersion":3463}