{"stats":{"minecraft:killed_by":{"minecraft:zombie":6,"minecraft:player":1,"minecraft:spider":3,"minecraft:skeleton":3},"minecraft:broken":{"minecraft:iron_shovel":2,"minecraft:stone_pickaxe":8,"minecraft:stone_axe":5,"minecraft:stone_shovel":6,"minecraft:stone_sword":1,"minecraft:iron_axe":2,"minecraft:iron_pickaxe":3},"minecraft:mined":{"minecraft:dark_oak_planks":16,"minecraft:white_bed":2,"minecraft:farmland":3,"minecraft:cherry_log":67,"minecraft:brewing_stand":4,"minecraft:granite":48,"minecraft:grass_block":943,"minecraft:oak_pressure_plate":5,"minecraft:oak_wall_sign":1,"minecraft:oxeye_daisy":3,"minecraft:tall_seagrass":1,"minecraft:raw_iron_block":1,"minecraft:iron_ore":58,"minecraft:pumpkin":21,"minecraft:deepslate_lapis_ore":11,"minecraft:fletching_table":1,"minecraft:dark_oak_stairs":3,"minecraft:pointed_dripstone":20,"minecraft:dirt_path":13,"minecraft:water_cauldron":4,"minecraft:oak_stairs":91,"minecraft:deepslate_redstone_ore":41,"minecraft:kelp_plant":36,"minecraft:torch":18,"minecraft:dark_oak_wood":3,"minecraft:poppy":1,"minecraft:chest":9,"minecraft:glass":28,"minecraft:cobblestone":12,"minecraft:oak_planks":31,"minecraft:sugar_cane":21,"minecraft:wall_torch":14,"minecraft:cherry_slab":2,"minecraft:pink_petals":110,"minecraft:dark_oak_slab":1,"minecraft:dark_oak_door":3,"minecraft:birch_log":117,"minecraft:wheat":28,"minecraft:magenta_bed":2,"minecraft:grass":171,"minecraft:oak_log":361,"minecraft:beetroots":1,"minecraft:dark_oak_sapling":2,"minecraft:sand":390,"minecraft:dirt":310,"minecraft:stonecutter":1,"minecraft:oak_leaves":127,"minecraft:deepslate":601,"minecraft:tuff":214,"minecraft:dark_oak_leaves":120,"minecraft:deepslate_diamond_ore":71,"minecraft:dark_oak_log":251,"minecraft:dark_oak_fence":1,"minecraft:kelp":1,"minecraft:sandstone":1,"minecraft:hay_block":49,"minecraft:furnace":7,"minecraft:carrots":12,"minecraft:andesite":5,"minecraft:bell":1,"minecraft:potatoes":10,"minecraft:deepslate_iron_ore":194,"minecraft:stone":784,"minecraft:cherry_stairs":9,"minecraft:oak_slab":8,"minecraft:cherry_planks":57,"minecraft:stripped_dark_oak_log":2,"minecraft:dandelion":8,"minecraft:oak_fence":20,"minecraft:crafting_table":5,"minecraft:cornflower":65,"minecraft:rose_bush":19,"minecraft:campfire":1,"minecraft:tall_grass":27,"minecraft:copper_ore":22,"minecraft:deepslate_gold_ore":38,"minecraft:lapis_ore":11,"minecraft:diorite":5,"minecraft:birch_planks":11,"minecraft:sweet_berry_bush":13,"minecraft:birch_leaves":17,"minecraft:yellow_bed":4,"minecraft:coal_ore":203,"minecraft:cherry_leaves":11,"minecraft:sunflower":2,"minecraft:gravel":4},"minecraft:crafted":{"minecraft:oak_planks":1349,"minecraft:cherry_slab":18,"minecraft:oak_pressure_plate":4,"minecraft:dark_oak_wood":3,"minecraft:cooked_chicken":5,"minecraft:birch_slab":30,"minecraft:cooked_mutton":39,"minecraft:dark_oak_door":6,"minecraft:glass":167,"minecraft:diamond_helmet":1,"minecraft:diamond_leggings":1,"minecraft:iron_boots":1,"minecraft:chest":23,"minecraft:stone_hoe":1,"minecraft:oak_fence":63,"minecraft:cherry_fence":15,"minecraft:oak_slab":72,"minecraft:cooked_porkchop":16,"minecraft:crafting_table":27,"minecraft:wooden_pickaxe":3,"minecraft:baked_potato":12,"minecraft:iron_helmet":1,"minecraft:copper_ingot":64,"minecraft:birch_planks":376,"minecraft:campfire":5,"minecraft:dark_oak_slab":18,"minecraft:iron_chestplate":1,"minecraft:diamond_pickaxe":1,"minecraft:birch_fence":3,"minecraft:stick":315,"minecraft:iron_ingot":42,"minecraft:iron_pickaxe":3,"minecraft:stone_sword":2,"minecraft:gold_ingot":3,"minecraft:light_gray_dye":1,"minecraft:birch_stairs":4,"minecraft:cherry_planks":224,"minecraft:stone_shovel":6,"minecraft:diamond_hoe":1,"minecraft:furnace":13,"minecraft:dark_oak_fence":21,"minecraft:iron_axe":3,"minecraft:cherry_stairs":20,"minecraft:stone_pickaxe":26,"minecraft:diamond_boots":1,"minecraft:redstone_block":12,"minecraft:dark_oak_planks":360,"minecraft:wheat":18,"minecraft:cooked_beef":35,"minecraft:red_dye":38,"minecraft:diamond_sword":1,"minecraft:dark_oak_stairs":16,"minecraft:iron_sword":2,"minecraft:cooked_salmon":5,"minecraft:bucket":1,"minecraft:stone_axe":7,"minecraft:air":0,"minecraft:bread":5,"minecraft:blue_dye":64,"minecraft:oak_boat":2,"minecraft:oak_stairs":216,"minecraft:iron_shovel":4,"minecraft:white_bed":1,"minecraft:torch":204,"minecraft:diamond_chestplate":1},"minecraft:killed":{"minecraft:spider":6,"minecraft:skeleton":12,"minecraft:chicken":9,"minecraft:turtle":1,"minecraft:pig":21,"minecraft:zombie_villager":2,"minecraft:salmon":12,"minecraft:sheep":32,"minecraft:zombie":18,"minecraft:cow":13,"minecraft:squid":3},"minecraft:dropped":{"minecraft:iron_sword":1,"minecraft:oak_log":2,"minecraft:crafting_table":2,"minecraft:dark_oak_sapling":2,"minecraft:leather_helmet":1,"minecraft:dirt":2,"minecraft:birch_fence":1,"minecraft:cornflower":1,"minecraft:bone_meal":2,"minecraft:sunflower":1,"minecraft:sand":1,"minecraft:iron_pickaxe":1,"minecraft:gold_ingot":3,"minecraft:gravel":2,"minecraft:stone_axe":3,"minecraft:cobbled_deepslate":4,"minecraft:rotten_flesh":13,"minecraft:oak_planks":5,"minecraft:poppy":3,"minecraft:chest":2,"minecraft:arrow":4,"minecraft:wheat_seeds":9,"minecraft:iron_helmet":1,"minecraft:oak_fence":66,"minecraft:cobblestone":64,"minecraft:coal":3,"minecraft:magenta_bed":2,"minecraft:cooked_salmon":3,"minecraft:iron_leggings":1,"minecraft:string":6,"minecraft:pink_petals":21,"minecraft:tuff":14,"minecraft:iron_boots":1,"minecraft:oak_sign":4,"minecraft:spruce_fence":64,"minecraft:iron_chestplate":1,"minecraft:andesite":1,"minecraft:yellow_bed":3,"minecraft:light_gray_dye":1,"minecraft:sandstone":1,"minecraft:stone_pickaxe":6,"minecraft:wooden_pickaxe":2},"minecraft:used":{"minecraft:iron_shovel":776,"minecraft:diamond_hoe":84,"minecraft:oak_sign":4,"minecraft:chest":34,"minecraft:iron_sword":198,"minecraft:iron_chestplate":1,"minecraft:carrot":2,"minecraft:tuff":7,"minecraft:glass":97,"minecraft:iron_helmet":1,"minecraft:dark_oak_wood":3,"minecraft:dark_oak_slab":4,"minecraft:sweet_berries":8,"minecraft:furnace":20,"minecraft:dark_oak_sapling":8,"minecraft:dark_oak_stairs":9,"minecraft:stone_pickaxe":1097,"minecraft:oak_planks":226,"minecraft:wooden_pickaxe":50,"minecraft:sugar_cane":21,"minecraft:golden_apple":1,"minecraft:sand":95,"minecraft:birch_fence":2,"minecraft:dark_oak_log":89,"minecraft:bread":5,"minecraft:oak_pressure_plate":7,"minecraft:gravel":7,"minecraft:dark_oak_fence":22,"minecraft:andesite":4,"minecraft:oak_boat":2,"minecraft:oak_fence":93,"minecraft:trident":6,"minecraft:netherite_sword":22,"minecraft:stone_sword":167,"minecraft:stone_shovel":795,"minecraft:cooked_salmon":2,"minecraft:stone_hoe":109,"minecraft:cooked_chicken":6,"minecraft:torch":228,"minecraft:brewing_stand":2,"minecraft:dirt":867,"minecraft:dark_oak_planks":133,"minecraft:iron_axe":453,"minecraft:oak_stairs":305,"minecraft:cherry_slab":20,"minecraft:cooked_beef":21,"minecraft:cobbled_deepslate":14,"minecraft:cherry_fence":15,"minecraft:cherry_log":2,"minecraft:iron_leggings":1,"minecraft:cooked_mutton":6,"minecraft:water_bucket":86,"minecraft:birch_planks":145,"minecraft:baked_potato":12,"minecraft:cherry_planks":177,"minecraft:stripped_dark_oak_log":2,"minecraft:oak_slab":62,"minecraft:crafting_table":30,"minecraft:magenta_bed":2,"minecraft:white_bed":3,"minecraft:campfire":5,"minecraft:dark_oak_door":9,"minecraft:oak_log":2,"minecraft:diamond_pickaxe":546,"minecraft:iron_pickaxe":750,"minecraft:netherite_axe":43,"minecraft:stone_axe":831,"minecraft:pink_petals":5,"minecraft:cobblestone":25,"minecraft:cherry_stairs":21,"minecraft:cooked_porkchop":10,"minecraft:bucket":86,"minecraft:yellow_bed":1},"minecraft:picked_up":{"minecraft:wheat":19,"minecraft:oak_stairs":89,"minecraft:brewing_stand":4,"minecraft:string":7,"minecraft:raw_copper":84,"minecraft:cooked_salmon":3,"minecraft:iron_leggings":1,"minecraft:oak_sign":17,"minecraft:beetroot":1,"minecraft:cobbled_deepslate":465,"minecraft:rose_bush":19,"minecraft:iron_pickaxe":1,"minecraft:furnace":10,"minecraft:dark_oak_door":5,"minecraft:stick":55,"minecraft:oak_fence":20,"minecraft:torch":40,"minecraft:porkchop":42,"minecraft:dried_kelp":25,"minecraft:cherry_log":55,"minecraft:pointed_dripstone":56,"minecraft:diorite":6,"minecraft:cauldron":4,"minecraft:rotten_flesh":34,"minecraft:cobblestone":908,"minecraft:birch_log":115,"minecraft:pink_petals":286,"minecraft:feather":7,"minecraft:cherry_planks":50,"minecraft:andesite":5,"minecraft:brown_wool":3,"minecraft:potato":26,"minecraft:tuff":48,"minecraft:light_gray_dye":1,"minecraft:magenta_bed":2,"minecraft:dirt":1320,"minecraft:lapis_lazuli":109,"minecraft:bone":15,"minecraft:bow":1,"minecraft:stonecutter":1,"minecraft:wheat_seeds":89,"minecraft:raw_gold":38,"minecraft:bell":1,"minecraft:fletching_table":1,"minecraft:oak_planks":49,"minecraft:oak_pressure_plate":5,"minecraft:sand":377,"minecraft:ink_sac":6,"minecraft:dark_oak_log":244,"minecraft:diamond":71,"minecraft:granite":48,"minecraft:bone_meal":2,"minecraft:oak_sapling":29,"minecraft:cherry_slab":2,"minecraft:dark_oak_fence":1,"minecraft:charcoal":2,"minecraft:crafting_table":7,"minecraft:chicken":9,"minecraft:cornflower":65,"minecraft:birch_fence":1,"minecraft:beef":28,"minecraft:poppy":3,"minecraft:sugar_cane":50,"minecraft:chest":9,"minecraft:birch_sapling":7,"minecraft:dark_oak_sapling":27,"minecraft:raw_iron":223,"minecraft:sandstone":1,"minecraft:cherry_stairs":9,"minecraft:carrot":48,"minecraft:redstone":166,"minecraft:dark_oak_planks":14,"minecraft:arrow":16,"minecraft:beetroot_seeds":4,"minecraft:hay_block":56,"minecraft:gold_ingot":3,"minecraft:mutton":46,"minecraft:white_wool":23,"minecraft:oxeye_daisy":1,"minecraft:glow_ink_sac":2,"minecraft:salmon":10,"minecraft:leather":14,"minecraft:birch_planks":11,"minecraft:oak_log":380,"minecraft:yellow_bed":5,"minecraft:apple":7,"minecraft:kelp":245,"minecraft:iron_ingot":2,"minecraft:stone_pickaxe":4,"minecraft:dark_oak_stairs":3,"minecraft:oak_slab":9,"minecraft:dark_oak_slab":1,"minecraft:pumpkin":21,"minecraft:sweet_berries":45,"minecraft:dandelion":7,"minecraft:gravel":9,"minecraft:white_bed":2,"minecraft:spider_eye":5,"minecraft:leather_helmet":1,"minecraft:stone_axe":1,"minecraft:cherry_sapling":42,"minecraft:gray_wool":3,"minecraft:black_wool":2,"minecraft:stripped_dark_oak_log":2,"minecraft:dark_oak_wood":3,"minecraft:coal":204,"minecraft:sunflower":2},"minecraft:custom":{"minecraft:animals_bred":1,"minecraft:interact_with_crafting_table":115,"minecraft:bell_ring":8,"minecraft:leave_game":9,"minecraft:time_since_death":19755,"minecraft:sprint_one_cm":659433,"minecraft:drop":86,"minecraft:talked_to_villager":5,"minecraft:play_time":765201,"minecraft:deaths":16,"minecraft:jump":4986,"minecraft:interact_with_brewingstand":1,"minecraft:walk_on_water_one_cm":48465,"minecraft:interact_with_furnace":109,"minecraft:sleep_in_bed":17,"minecraft:damage_dealt":19169,"minecraft:player_kills":2,"minecraft:crouch_one_cm":30151,"minecraft:mob_kills":130,"minecraft:climb_one_cm":796,"minecraft:walk_one_cm":1602828,"minecraft:damage_dealt_absorbed":21,"minecraft:sneak_time":8720,"minecraft:walk_under_water_one_cm":34649,"minecraft:boat_one_cm":34965,"minecraft:total_world_time":765201,"minecraft:interact_with_stonecutter":1,"minecraft:time_since_rest":19874,"minecraft:damage_taken":8440,"minecraft:damage_absorbed":21,"minecraft:swim_one_cm":42517,"minecraft:fly_one_cm":675578,"minecraft:open_chest":137,"minecraft:fall_one_cm":112840}},"DataVersion":3463}