{"stats":{"minecraft:broken":{"minecraft:iron_shovel":1,"minecraft:stone_sword":1,"minecraft:stone_pickaxe":6,"minecraft:iron_axe":2,"minecraft:stone_axe":1,"minecraft:stone_shovel":5},"minecraft:crafted":{"minecraft:cherry_planks":220,"minecraft:oak_planks":484,"minecraft:stone_shovel":6,"minecraft:cherry_slab":18,"minecraft:dark_oak_wood":3,"minecraft:cooked_chicken":5,"minecraft:birch_slab":30,"minecraft:furnace":11,"minecraft:cooked_mutton":24,"minecraft:dark_oak_door":3,"minecraft:glass":167,"minecraft:dark_oak_fence":9,"minecraft:iron_axe":2,"minecraft:cherry_stairs":20,"minecraft:stone_pickaxe":23,"minecraft:chest":7,"minecraft:dark_oak_planks":140,"minecraft:stone_hoe":1,"minecraft:cherry_fence":15,"minecraft:wheat":18,"minecraft:cooked_beef":35,"minecraft:red_dye":38,"minecraft:cooked_porkchop":16,"minecraft:dark_oak_stairs":16,"minecraft:crafting_table":14,"minecraft:baked_potato":12,"minecraft:iron_helmet":1,"minecraft:wooden_pickaxe":3,"minecraft:iron_sword":1,"minecraft:cooked_salmon":5,"minecraft:copper_ingot":64,"minecraft:birch_planks":136,"minecraft:stone_axe":3,"minecraft:bread":5,"minecraft:air":0,"minecraft:blue_dye":64,"minecraft:oak_boat":2,"minecraft:dark_oak_slab":18,"minecraft:iron_chestplate":1,"minecraft:stick":160,"minecraft:iron_pickaxe":1,"minecraft:iron_ingot":15,"minecraft:stone_sword":2,"minecraft:iron_shovel":1,"minecraft:light_gray_dye":1,"minecraft:torch":84},"minecraft:used":{"minecraft:oak_fence":30,"minecraft:trident":6,"minecraft:netherite_sword":22,"minecraft:stone_sword":167,"minecraft:iron_shovel":250,"minecraft:stone_shovel":777,"minecraft:oak_sign":4,"minecraft:chest":18,"minecraft:iron_sword":94,"minecraft:stone_hoe":109,"minecraft:cooked_chicken":5,"minecraft:torch":86,"minecraft:dirt":529,"minecraft:dark_oak_planks":71,"minecraft:glass":80,"minecraft:iron_axe":453,"minecraft:cherry_slab":19,"minecraft:dark_oak_wood":3,"minecraft:furnace":18,"minecraft:cooked_beef":9,"minecraft:cobbled_deepslate":2,"minecraft:cherry_fence":15,"minecraft:dark_oak_sapling":8,"minecraft:dark_oak_stairs":2,"minecraft:birch_planks":54,"minecraft:stone_pickaxe":831,"minecraft:baked_potato":5,"minecraft:wooden_pickaxe":50,"minecraft:cherry_planks":176,"minecraft:golden_apple":1,"minecraft:sand":26,"minecraft:crafting_table":15,"minecraft:magenta_bed":2,"minecraft:white_bed":2,"minecraft:dark_oak_door":2,"minecraft:dark_oak_log":79,"minecraft:bread":5,"minecraft:iron_pickaxe":29,"minecraft:netherite_axe":43,"minecraft:gravel":7,"minecraft:stone_axe":256,"minecraft:pink_petals":5,"minecraft:cherry_stairs":18,"minecraft:cobblestone":9,"minecraft:cooked_porkchop":8,"minecraft:dark_oak_fence":8,"minecraft:andesite":4,"minecraft:yellow_bed":1,"minecraft:oak_boat":2},"minecraft:mined":{"minecraft:dark_oak_planks":7,"minecraft:tuff":27,"minecraft:white_bed":2,"minecraft:dark_oak_leaves":120,"minecraft:cherry_log":67,"minecraft:dark_oak_log":251,"minecraft:brewing_stand":2,"minecraft:granite":48,"minecraft:grass_block":621,"minecraft:kelp":1,"minecraft:oak_wall_sign":1,"minecraft:oxeye_daisy":3,"minecraft:hay_block":49,"minecraft:tall_seagrass":1,"minecraft:furnace":7,"minecraft:iron_ore":33,"minecraft:andesite":5,"minecraft:pumpkin":4,"minecraft:fletching_table":1,"minecraft:bell":1,"minecraft:water_cauldron":4,"minecraft:deepslate_iron_ore":5,"minecraft:stone":390,"minecraft:cherry_stairs":9,"minecraft:cherry_planks":31,"minecraft:kelp_plant":36,"minecraft:dandelion":8,"minecraft:crafting_table":2,"minecraft:oak_fence":20,"minecraft:cornflower":65,"minecraft:torch":4,"minecraft:dark_oak_wood":3,"minecraft:chest":9,"minecraft:rose_bush":19,"minecraft:glass":17,"minecraft:copper_ore":22,"minecraft:tall_grass":27,"minecraft:lapis_ore":4,"minecraft:sugar_cane":17,"minecraft:diorite":3,"minecraft:wall_torch":7,"minecraft:cherry_slab":2,"minecraft:pink_petals":108,"minecraft:birch_planks":9,"minecraft:birch_log":50,"minecraft:magenta_bed":2,"minecraft:birch_leaves":2,"minecraft:yellow_bed":4,"minecraft:grass":154,"minecraft:coal_ore":120,"minecraft:oak_log":169,"minecraft:dark_oak_sapling":2,"minecraft:cherry_leaves":11,"minecraft:sunflower":2,"minecraft:dirt":219,"minecraft:sand":256,"minecraft:gravel":4,"minecraft:stonecutter":1,"minecraft:oak_leaves":49,"minecraft:deepslate":194},"minecraft:killed":{"minecraft:spider":5,"minecraft:skeleton":7,"minecraft:chicken":8,"minecraft:turtle":1,"minecraft:pig":21,"minecraft:salmon":7,"minecraft:squid":1,"minecraft:sheep":32,"minecraft:zombie":13,"minecraft:cow":12},"minecraft:killed_by":{"minecraft:player":1,"minecraft:spider":3,"minecraft:skeleton":3,"minecraft:zombie":5},"minecraft:custom":{"minecraft:mob_kills":107,"minecraft:animals_bred":1,"minecraft:interact_with_crafting_table":63,"minecraft:bell_ring":8,"minecraft:leave_game":5,"minecraft:time_since_death":67870,"minecraft:sprint_one_cm":384506,"minecraft:walk_one_cm":877843,"minecraft:drop":36,"minecraft:damage_dealt_absorbed":21,"minecraft:talked_to_villager":4,"minecraft:play_time":372866,"minecraft:deaths":15,"minecraft:sneak_time":1226,"minecraft:walk_under_water_one_cm":20569,"minecraft:boat_one_cm":34965,"minecraft:interact_with_brewingstand":1,"minecraft:jump":3037,"minecraft:walk_on_water_one_cm":24450,"minecraft:total_world_time":372866,"minecraft:interact_with_furnace":87,"minecraft:sleep_in_bed":6,"minecraft:time_since_rest":11673,"minecraft:damage_taken":6034,"minecraft:damage_absorbed":21,"minecraft:damage_dealt":13885,"minecraft:fly_one_cm":436176,"minecraft:swim_one_cm":26103,"minecraft:player_kills":1,"minecraft:open_chest":100,"minecraft:crouch_one_cm":2823,"minecraft:fall_one_cm":62423},"minecraft:picked_up":{"minecraft:crafting_table":4,"minecraft:chicken":8,"minecraft:brewing_stand":2,"minecraft:cornflower":65,"minecraft:string":7,"minecraft:raw_copper":84,"minecraft:iron_leggings":1,"minecraft:oak_sign":17,"minecraft:cobbled_deepslate":194,"minecraft:beef":25,"minecraft:rose_bush":19,"minecraft:iron_pickaxe":1,"minecraft:sugar_cane":39,"minecraft:chest":9,"minecraft:furnace":10,"minecraft:dark_oak_sapling":27,"minecraft:raw_iron":41,"minecraft:stick":30,"minecraft:cherry_stairs":9,"minecraft:oak_fence":20,"minecraft:torch":14,"minecraft:porkchop":42,"minecraft:dried_kelp":25,"minecraft:cherry_log":55,"minecraft:diorite":4,"minecraft:cauldron":4,"minecraft:dark_oak_planks":5,"minecraft:arrow":8,"minecraft:rotten_flesh":22,"minecraft:hay_block":56,"minecraft:mutton":46,"minecraft:cobblestone":519,"minecraft:white_wool":23,"minecraft:oxeye_daisy":1,"minecraft:birch_log":48,"minecraft:pink_petals":265,"minecraft:feather":7,"minecraft:cherry_planks":31,"minecraft:glow_ink_sac":2,"minecraft:salmon":5,"minecraft:andesite":5,"minecraft:brown_wool":3,"minecraft:leather":12,"minecraft:birch_planks":9,"minecraft:tuff":27,"minecraft:light_gray_dye":1,"minecraft:oak_log":165,"minecraft:magenta_bed":2,"minecraft:yellow_bed":5,"minecraft:lapis_lazuli":29,"minecraft:dirt":882,"minecraft:bone":10,"minecraft:apple":2,"minecraft:kelp":245,"minecraft:stonecutter":1,"minecraft:wheat_seeds":21,"minecraft:bell":1,"minecraft:iron_ingot":2,"minecraft:stone_pickaxe":3,"minecraft:fletching_table":1,"minecraft:oak_planks":11,"minecraft:pumpkin":4,"minecraft:dandelion":7,"minecraft:gravel":9,"minecraft:sand":247,"minecraft:ink_sac":2,"minecraft:white_bed":2,"minecraft:dark_oak_log":244,"minecraft:spider_eye":5,"minecraft:leather_helmet":1,"minecraft:granite":48,"minecraft:cherry_sapling":42,"minecraft:gray_wool":3,"minecraft:cherry_slab":2,"minecraft:oak_sapling":8,"minecraft:dark_oak_wood":3,"minecraft:black_wool":2,"minecraft:coal":121,"minecraft:sunflower":2},"minecraft:dropped":{"minecraft:wheat_seeds":3,"minecraft:crafting_table":2,"minecraft:dark_oak_sapling":2,"minecraft:oak_fence":66,"minecraft:cobblestone":64,"minecraft:coal":3,"minecraft:leather_helmet":1,"minecraft:magenta_bed":2,"minecraft:dirt":2,"minecraft:cornflower":1,"minecraft:sunflower":1,"minecraft:sand":1,"minecraft:iron_pickaxe":1,"minecraft:string":6,"minecraft:gravel":2,"minecraft:stone_axe":1,"minecraft:rotten_flesh":1,"minecraft:oak_planks":1,"minecraft:spruce_fence":64,"minecraft:oak_sign":4,"minecraft:andesite":1,"minecraft:yellow_bed":3,"minecraft:chest":2,"minecraft:light_gray_dye":1,"minecraft:stone_pickaxe":3,"minecraft:wooden_pickaxe":2}},"DataVersion":3463}