{"stats":{"minecraft:picked_up":{"minecraft:rotten_flesh":1,"minecraft:wheat_seeds":3,"minecraft:oak_log":11,"minecraft:birch_log":14,"minecraft:black_wool":2,"minecraft:white_wool":3,"minecraft:mutton":8,"minecraft:string":1,"minecraft:dirt":1,"minecraft:leather_helmet":1},"minecraft:custom":{"minecraft:time_since_rest":8278,"minecraft:walk_one_cm":36625,"minecraft:play_time":18000,"minecraft:sprint_one_cm":29314,"minecraft:damage_taken":581,"minecraft:deaths":2,"minecraft:sneak_time":31,"minecraft:walk_under_water_one_cm":1563,"minecraft:mob_kills":9,"minecraft:drop":1,"minecraft:jump":164,"minecraft:damage_dealt":1289,"minecraft:time_since_death":8243,"minecraft:walk_on_water_one_cm":1947,"minecraft:total_world_time":18000,"minecraft:damage_dealt_absorbed":21,"minecraft:swim_one_cm":1394,"minecraft:fall_one_cm":1523,"minecraft:fly_one_cm":36802,"minecraft:damage_absorbed":21},"minecraft:dropped":{"minecraft:leather_helmet":1},"minecraft:mined":{"minecraft:grass":25,"minecraft:grass_block":1,"minecraft:oak_log":13,"minecraft:birch_log":14,"minecraft:tall_grass":18,"minecraft:birch_leaves":1,"minecraft:dandelion":2},"minecraft:killed_by":{"minecraft:skeleton":1,"minecraft:spider":1},"minecraft:used":{"minecraft:trident":6,"minecraft:golden_apple":1,"minecraft:netherite_sword":22,"minecraft:netherite_axe":26},"minecraft:killed":{"minecraft:sheep":5,"minecraft:spider":1,"minecraft:zombie":3}},"DataVersion":3463}