{"stats":{"minecraft:broken":{"minecraft:iron_shovel":1,"minecraft:stone_sword":1,"minecraft:stone_pickaxe":6,"minecraft:iron_axe":2,"minecraft:stone_axe":5,"minecraft:iron_pickaxe":1,"minecraft:stone_shovel":6},"minecraft:crafted":{"minecraft:cherry_planks":224,"minecraft:oak_planks":1281,"minecraft:stone_shovel":6,"minecraft:cherry_slab":18,"minecraft:oak_pressure_plate":4,"minecraft:dark_oak_wood":3,"minecraft:cooked_chicken":5,"minecraft:birch_slab":30,"minecraft:furnace":11,"minecraft:cooked_mutton":24,"minecraft:dark_oak_door":6,"minecraft:glass":167,"minecraft:dark_oak_fence":21,"minecraft:iron_axe":2,"minecraft:cherry_stairs":20,"minecraft:stone_pickaxe":23,"minecraft:chest":23,"minecraft:dark_oak_planks":360,"minecraft:stone_hoe":1,"minecraft:oak_fence":63,"minecraft:cherry_fence":15,"minecraft:wheat":18,"minecraft:cooked_beef":35,"minecraft:red_dye":38,"minecraft:oak_slab":72,"minecraft:cooked_porkchop":16,"minecraft:dark_oak_stairs":16,"minecraft:crafting_table":23,"minecraft:wooden_pickaxe":3,"minecraft:baked_potato":12,"minecraft:iron_helmet":1,"minecraft:iron_sword":1,"minecraft:cooked_salmon":5,"minecraft:copper_ingot":64,"minecraft:birch_planks":376,"minecraft:campfire":5,"minecraft:stone_axe":6,"minecraft:bread":5,"minecraft:air":0,"minecraft:blue_dye":64,"minecraft:oak_boat":2,"minecraft:dark_oak_slab":18,"minecraft:iron_chestplate":1,"minecraft:birch_fence":3,"minecraft:stick":315,"minecraft:iron_pickaxe":1,"minecraft:iron_ingot":15,"minecraft:oak_stairs":216,"minecraft:stone_sword":2,"minecraft:iron_shovel":2,"minecraft:light_gray_dye":1,"minecraft:white_bed":1,"minecraft:torch":84,"minecraft:birch_stairs":4},"minecraft:used":{"minecraft:oak_fence":93,"minecraft:trident":6,"minecraft:netherite_sword":22,"minecraft:stone_sword":167,"minecraft:iron_shovel":318,"minecraft:stone_shovel":795,"minecraft:oak_sign":4,"minecraft:chest":34,"minecraft:iron_sword":101,"minecraft:cooked_salmon":2,"minecraft:cooked_chicken":6,"minecraft:stone_hoe":109,"minecraft:torch":102,"minecraft:brewing_stand":2,"minecraft:dirt":569,"minecraft:glass":97,"minecraft:dark_oak_planks":133,"minecraft:iron_axe":453,"minecraft:oak_stairs":257,"minecraft:cherry_slab":20,"minecraft:dark_oak_wood":3,"minecraft:dark_oak_slab":4,"minecraft:sweet_berries":8,"minecraft:furnace":18,"minecraft:cooked_beef":9,"minecraft:cobbled_deepslate":2,"minecraft:cherry_fence":15,"minecraft:cherry_log":2,"minecraft:dark_oak_sapling":8,"minecraft:dark_oak_stairs":9,"minecraft:birch_planks":145,"minecraft:stone_pickaxe":831,"minecraft:oak_planks":187,"minecraft:baked_potato":12,"minecraft:wooden_pickaxe":50,"minecraft:cherry_planks":177,"minecraft:campfire":5,"minecraft:golden_apple":1,"minecraft:stripped_dark_oak_log":2,"minecraft:sand":26,"minecraft:oak_slab":62,"minecraft:crafting_table":24,"minecraft:magenta_bed":2,"minecraft:white_bed":3,"minecraft:dark_oak_door":9,"minecraft:birch_fence":2,"minecraft:oak_log":2,"minecraft:dark_oak_log":89,"minecraft:bread":5,"minecraft:iron_pickaxe":255,"minecraft:netherite_axe":43,"minecraft:oak_pressure_plate":7,"minecraft:gravel":7,"minecraft:stone_axe":699,"minecraft:pink_petals":5,"minecraft:cherry_stairs":21,"minecraft:cobblestone":25,"minecraft:cooked_porkchop":10,"minecraft:dark_oak_fence":22,"minecraft:andesite":4,"minecraft:yellow_bed":1,"minecraft:oak_boat":2},"minecraft:mined":{"minecraft:dark_oak_planks":16,"minecraft:tuff":27,"minecraft:white_bed":2,"minecraft:dark_oak_leaves":120,"minecraft:cherry_log":67,"minecraft:dark_oak_log":251,"minecraft:brewing_stand":4,"minecraft:granite":48,"minecraft:dark_oak_fence":1,"minecraft:grass_block":650,"minecraft:oak_pressure_plate":5,"minecraft:kelp":1,"minecraft:oak_wall_sign":1,"minecraft:oxeye_daisy":3,"minecraft:hay_block":49,"minecraft:tall_seagrass":1,"minecraft:furnace":7,"minecraft:iron_ore":33,"minecraft:andesite":5,"minecraft:pumpkin":21,"minecraft:fletching_table":1,"minecraft:dark_oak_stairs":3,"minecraft:bell":1,"minecraft:water_cauldron":4,"minecraft:deepslate_iron_ore":5,"minecraft:oak_stairs":43,"minecraft:stone":575,"minecraft:cherry_stairs":9,"minecraft:oak_slab":8,"minecraft:cherry_planks":57,"minecraft:kelp_plant":36,"minecraft:stripped_dark_oak_log":2,"minecraft:dandelion":8,"minecraft:oak_fence":20,"minecraft:crafting_table":3,"minecraft:cornflower":65,"minecraft:torch":4,"minecraft:dark_oak_wood":3,"minecraft:campfire":1,"minecraft:poppy":1,"minecraft:chest":9,"minecraft:rose_bush":19,"minecraft:cobblestone":8,"minecraft:glass":28,"minecraft:copper_ore":22,"minecraft:tall_grass":27,"minecraft:lapis_ore":4,"minecraft:sugar_cane":18,"minecraft:oak_planks":12,"minecraft:diorite":3,"minecraft:wall_torch":9,"minecraft:cherry_slab":2,"minecraft:pink_petals":110,"minecraft:birch_planks":11,"minecraft:dark_oak_slab":1,"minecraft:dark_oak_door":3,"minecraft:birch_log":110,"minecraft:sweet_berry_bush":13,"minecraft:magenta_bed":2,"minecraft:birch_leaves":16,"minecraft:yellow_bed":4,"minecraft:grass":158,"minecraft:coal_ore":140,"minecraft:oak_log":344,"minecraft:cherry_leaves":11,"minecraft:dark_oak_sapling":2,"minecraft:sunflower":2,"minecraft:gravel":4,"minecraft:sand":257,"minecraft:dirt":273,"minecraft:stonecutter":1,"minecraft:oak_leaves":124,"minecraft:deepslate":194},"minecraft:killed":{"minecraft:spider":5,"minecraft:skeleton":7,"minecraft:chicken":9,"minecraft:turtle":1,"minecraft:pig":21,"minecraft:zombie_villager":1,"minecraft:salmon":7,"minecraft:squid":1,"minecraft:sheep":32,"minecraft:zombie":13,"minecraft:cow":13},"minecraft:killed_by":{"minecraft:player":1,"minecraft:spider":3,"minecraft:skeleton":3,"minecraft:zombie":5},"minecraft:custom":{"minecraft:mob_kills":110,"minecraft:animals_bred":1,"minecraft:interact_with_crafting_table":93,"minecraft:bell_ring":8,"minecraft:leave_game":6,"minecraft:time_since_death":278697,"minecraft:sprint_one_cm":483826,"minecraft:walk_one_cm":1203943,"minecraft:drop":62,"minecraft:damage_dealt_absorbed":21,"minecraft:talked_to_villager":4,"minecraft:play_time":583693,"minecraft:deaths":15,"minecraft:sneak_time":6163,"minecraft:walk_under_water_one_cm":20569,"minecraft:boat_one_cm":34965,"minecraft:jump":3671,"minecraft:interact_with_brewingstand":1,"minecraft:walk_on_water_one_cm":24450,"minecraft:total_world_time":583693,"minecraft:interact_with_furnace":93,"minecraft:interact_with_stonecutter":1,"minecraft:sleep_in_bed":15,"minecraft:time_since_rest":8630,"minecraft:damage_taken":6725,"minecraft:damage_absorbed":21,"minecraft:damage_dealt":14420,"minecraft:swim_one_cm":26103,"minecraft:fly_one_cm":516501,"minecraft:player_kills":2,"minecraft:open_chest":115,"minecraft:crouch_one_cm":21246,"minecraft:fall_one_cm":80896},"minecraft:picked_up":{"minecraft:charcoal":2,"minecraft:crafting_table":5,"minecraft:chicken":9,"minecraft:oak_stairs":41,"minecraft:brewing_stand":4,"minecraft:cornflower":65,"minecraft:string":7,"minecraft:raw_copper":84,"minecraft:iron_leggings":1,"minecraft:birch_fence":1,"minecraft:oak_sign":17,"minecraft:cobbled_deepslate":194,"minecraft:beef":28,"minecraft:rose_bush":19,"minecraft:poppy":3,"minecraft:iron_pickaxe":1,"minecraft:sugar_cane":41,"minecraft:chest":9,"minecraft:birch_sapling":5,"minecraft:furnace":10,"minecraft:dark_oak_door":5,"minecraft:dark_oak_sapling":27,"minecraft:stick":55,"minecraft:raw_iron":41,"minecraft:cherry_stairs":9,"minecraft:oak_fence":20,"minecraft:torch":14,"minecraft:porkchop":42,"minecraft:dried_kelp":25,"minecraft:cherry_log":55,"minecraft:diorite":4,"minecraft:cauldron":4,"minecraft:dark_oak_planks":14,"minecraft:arrow":8,"minecraft:rotten_flesh":22,"minecraft:hay_block":56,"minecraft:mutton":46,"minecraft:white_wool":23,"minecraft:cobblestone":700,"minecraft:oxeye_daisy":1,"minecraft:birch_log":108,"minecraft:pink_petals":286,"minecraft:feather":7,"minecraft:cherry_planks":50,"minecraft:glow_ink_sac":2,"minecraft:andesite":5,"minecraft:salmon":5,"minecraft:brown_wool":3,"minecraft:leather":14,"minecraft:birch_planks":11,"minecraft:tuff":27,"minecraft:light_gray_dye":1,"minecraft:oak_log":363,"minecraft:magenta_bed":2,"minecraft:yellow_bed":5,"minecraft:dirt":965,"minecraft:lapis_lazuli":29,"minecraft:bone":10,"minecraft:apple":7,"minecraft:kelp":245,"minecraft:stonecutter":1,"minecraft:wheat_seeds":21,"minecraft:bell":1,"minecraft:iron_ingot":2,"minecraft:stone_pickaxe":3,"minecraft:fletching_table":1,"minecraft:oak_planks":30,"minecraft:dark_oak_stairs":3,"minecraft:oak_slab":9,"minecraft:dark_oak_slab":1,"minecraft:pumpkin":21,"minecraft:sweet_berries":35,"minecraft:oak_pressure_plate":5,"minecraft:dandelion":7,"minecraft:gravel":9,"minecraft:sand":248,"minecraft:ink_sac":2,"minecraft:white_bed":2,"minecraft:dark_oak_log":244,"minecraft:spider_eye":5,"minecraft:leather_helmet":1,"minecraft:granite":48,"minecraft:cherry_sapling":42,"minecraft:gray_wool":3,"minecraft:stripped_dark_oak_log":2,"minecraft:dark_oak_wood":3,"minecraft:oak_sapling":29,"minecraft:cherry_slab":2,"minecraft:black_wool":2,"minecraft:dark_oak_fence":1,"minecraft:coal":141,"minecraft:sunflower":2},"minecraft:dropped":{"minecraft:wheat_seeds":3,"minecraft:oak_log":2,"minecraft:crafting_table":2,"minecraft:dark_oak_sapling":2,"minecraft:oak_fence":66,"minecraft:cobblestone":64,"minecraft:leather_helmet":1,"minecraft:coal":3,"minecraft:magenta_bed":2,"minecraft:dirt":2,"minecraft:birch_fence":1,"minecraft:cornflower":1,"minecraft:sunflower":1,"minecraft:sand":1,"minecraft:iron_pickaxe":1,"minecraft:string":6,"minecraft:pink_petals":21,"minecraft:gravel":2,"minecraft:stone_axe":1,"minecraft:rotten_flesh":1,"minecraft:oak_planks":5,"minecraft:spruce_fence":64,"minecraft:oak_sign":4,"minecraft:poppy":3,"minecraft:andesite":1,"minecraft:yellow_bed":3,"minecraft:chest":2,"minecraft:light_gray_dye":1,"minecraft:wooden_pickaxe":2,"minecraft:stone_pickaxe":3}},"DataVersion":3463}