{"stats":{"minecraft:killed_by":{"minecraft:player":1,"minecraft:spider":3,"minecraft:skeleton":3,"minecraft:zombie":5},"minecraft:broken":{"minecraft:iron_shovel":1,"minecraft:stone_sword":1,"minecraft:stone_pickaxe":8,"minecraft:stone_axe":5,"minecraft:iron_axe":2,"minecraft:iron_pickaxe":1,"minecraft:stone_shovel":6},"minecraft:mined":{"minecraft:dark_oak_planks":16,"minecraft:tuff":27,"minecraft:white_bed":2,"minecraft:dark_oak_leaves":120,"minecraft:cherry_log":67,"minecraft:dark_oak_log":251,"minecraft:brewing_stand":4,"minecraft:granite":48,"minecraft:dark_oak_fence":1,"minecraft:grass_block":653,"minecraft:oak_pressure_plate":5,"minecraft:kelp":1,"minecraft:oak_wall_sign":1,"minecraft:oxeye_daisy":3,"minecraft:hay_block":49,"minecraft:tall_seagrass":1,"minecraft:furnace":7,"minecraft:carrots":7,"minecraft:iron_ore":51,"minecraft:andesite":5,"minecraft:pumpkin":21,"minecraft:fletching_table":1,"minecraft:dark_oak_stairs":3,"minecraft:bell":1,"minecraft:potatoes":1,"minecraft:pointed_dripstone":20,"minecraft:deepslate_iron_ore":5,"minecraft:water_cauldron":4,"minecraft:oak_stairs":43,"minecraft:stone":715,"minecraft:cherry_stairs":9,"minecraft:oak_slab":8,"minecraft:cherry_planks":57,"minecraft:kelp_plant":36,"minecraft:stripped_dark_oak_log":2,"minecraft:dandelion":8,"minecraft:oak_fence":20,"minecraft:crafting_table":4,"minecraft:cornflower":65,"minecraft:torch":10,"minecraft:dark_oak_wood":3,"minecraft:poppy":1,"minecraft:chest":9,"minecraft:rose_bush":19,"minecraft:campfire":1,"minecraft:cobblestone":12,"minecraft:glass":28,"minecraft:copper_ore":22,"minecraft:tall_grass":27,"minecraft:lapis_ore":4,"minecraft:sugar_cane":19,"minecraft:oak_planks":12,"minecraft:diorite":5,"minecraft:wall_torch":11,"minecraft:cherry_slab":2,"minecraft:pink_petals":110,"minecraft:birch_planks":11,"minecraft:dark_oak_slab":1,"minecraft:dark_oak_door":3,"minecraft:birch_log":117,"minecraft:wheat":16,"minecraft:sweet_berry_bush":13,"minecraft:magenta_bed":2,"minecraft:birch_leaves":17,"minecraft:yellow_bed":4,"minecraft:grass":158,"minecraft:coal_ore":182,"minecraft:oak_log":361,"minecraft:beetroots":1,"minecraft:cherry_leaves":11,"minecraft:dark_oak_sapling":2,"minecraft:sunflower":2,"minecraft:gravel":4,"minecraft:sand":257,"minecraft:dirt":273,"minecraft:stonecutter":1,"minecraft:oak_leaves":127,"minecraft:deepslate":197},"minecraft:crafted":{"minecraft:cherry_planks":224,"minecraft:oak_planks":1301,"minecraft:stone_shovel":6,"minecraft:cherry_slab":18,"minecraft:dark_oak_wood":3,"minecraft:oak_pressure_plate":4,"minecraft:cooked_chicken":5,"minecraft:birch_slab":30,"minecraft:furnace":11,"minecraft:cooked_mutton":39,"minecraft:dark_oak_door":6,"minecraft:glass":167,"minecraft:dark_oak_fence":21,"minecraft:iron_axe":2,"minecraft:cherry_stairs":20,"minecraft:stone_pickaxe":26,"minecraft:chest":23,"minecraft:dark_oak_planks":360,"minecraft:stone_hoe":1,"minecraft:oak_fence":63,"minecraft:cherry_fence":15,"minecraft:wheat":18,"minecraft:cooked_beef":35,"minecraft:red_dye":38,"minecraft:oak_slab":72,"minecraft:cooked_porkchop":16,"minecraft:dark_oak_stairs":16,"minecraft:crafting_table":26,"minecraft:wooden_pickaxe":3,"minecraft:baked_potato":12,"minecraft:iron_helmet":1,"minecraft:iron_sword":1,"minecraft:cooked_salmon":5,"minecraft:copper_ingot":64,"minecraft:birch_planks":376,"minecraft:campfire":5,"minecraft:stone_axe":7,"minecraft:bread":5,"minecraft:air":0,"minecraft:blue_dye":64,"minecraft:oak_boat":2,"minecraft:dark_oak_slab":18,"minecraft:iron_chestplate":1,"minecraft:birch_fence":3,"minecraft:stick":315,"minecraft:iron_ingot":15,"minecraft:iron_pickaxe":1,"minecraft:oak_stairs":216,"minecraft:stone_sword":2,"minecraft:iron_shovel":2,"minecraft:light_gray_dye":1,"minecraft:white_bed":1,"minecraft:torch":128,"minecraft:birch_stairs":4},"minecraft:killed":{"minecraft:spider":5,"minecraft:skeleton":7,"minecraft:chicken":9,"minecraft:turtle":1,"minecraft:pig":21,"minecraft:zombie_villager":1,"minecraft:salmon":7,"minecraft:squid":1,"minecraft:sheep":32,"minecraft:zombie":14,"minecraft:cow":13},"minecraft:dropped":{"minecraft:wheat_seeds":3,"minecraft:oak_log":2,"minecraft:crafting_table":2,"minecraft:dark_oak_sapling":2,"minecraft:oak_fence":66,"minecraft:cobblestone":64,"minecraft:leather_helmet":1,"minecraft:coal":3,"minecraft:magenta_bed":2,"minecraft:dirt":2,"minecraft:birch_fence":1,"minecraft:cornflower":1,"minecraft:sunflower":1,"minecraft:sand":1,"minecraft:iron_pickaxe":1,"minecraft:string":6,"minecraft:pink_petals":21,"minecraft:gravel":2,"minecraft:stone_axe":1,"minecraft:rotten_flesh":1,"minecraft:oak_planks":5,"minecraft:spruce_fence":64,"minecraft:oak_sign":4,"minecraft:poppy":3,"minecraft:andesite":1,"minecraft:chest":2,"minecraft:yellow_bed":3,"minecraft:light_gray_dye":1,"minecraft:wooden_pickaxe":2,"minecraft:stone_pickaxe":4},"minecraft:used":{"minecraft:oak_fence":93,"minecraft:trident":6,"minecraft:netherite_sword":22,"minecraft:stone_sword":167,"minecraft:iron_shovel":318,"minecraft:stone_shovel":795,"minecraft:oak_sign":4,"minecraft:chest":34,"minecraft:iron_sword":101,"minecraft:cooked_chicken":6,"minecraft:cooked_salmon":2,"minecraft:stone_hoe":109,"minecraft:iron_chestplate":1,"minecraft:torch":126,"minecraft:brewing_stand":2,"minecraft:dirt":570,"minecraft:carrot":1,"minecraft:glass":97,"minecraft:dark_oak_planks":133,"minecraft:iron_axe":453,"minecraft:oak_stairs":257,"minecraft:cherry_slab":20,"minecraft:dark_oak_wood":3,"minecraft:iron_helmet":1,"minecraft:dark_oak_slab":4,"minecraft:sweet_berries":8,"minecraft:furnace":18,"minecraft:cooked_beef":11,"minecraft:cobbled_deepslate":2,"minecraft:cherry_fence":15,"minecraft:cherry_log":2,"minecraft:dark_oak_sapling":8,"minecraft:iron_leggings":1,"minecraft:cooked_mutton":1,"minecraft:dark_oak_stairs":9,"minecraft:birch_planks":145,"minecraft:stone_pickaxe":1070,"minecraft:oak_planks":187,"minecraft:baked_potato":12,"minecraft:wooden_pickaxe":50,"minecraft:cherry_planks":177,"minecraft:golden_apple":1,"minecraft:stripped_dark_oak_log":2,"minecraft:sand":26,"minecraft:oak_slab":62,"minecraft:crafting_table":27,"minecraft:magenta_bed":2,"minecraft:campfire":5,"minecraft:white_bed":3,"minecraft:dark_oak_door":9,"minecraft:birch_fence":2,"minecraft:oak_log":2,"minecraft:dark_oak_log":89,"minecraft:bread":5,"minecraft:iron_pickaxe":255,"minecraft:netherite_axe":43,"minecraft:oak_pressure_plate":7,"minecraft:gravel":7,"minecraft:stone_axe":719,"minecraft:pink_petals":5,"minecraft:cherry_stairs":21,"minecraft:cobblestone":25,"minecraft:cooked_porkchop":10,"minecraft:dark_oak_fence":22,"minecraft:andesite":4,"minecraft:yellow_bed":1,"minecraft:oak_boat":2},"minecraft:picked_up":{"minecraft:charcoal":2,"minecraft:crafting_table":6,"minecraft:wheat":14,"minecraft:chicken":9,"minecraft:oak_stairs":41,"minecraft:brewing_stand":4,"minecraft:cornflower":65,"minecraft:string":7,"minecraft:raw_copper":84,"minecraft:iron_leggings":1,"minecraft:birch_fence":1,"minecraft:oak_sign":17,"minecraft:beetroot":1,"minecraft:cobbled_deepslate":197,"minecraft:beef":28,"minecraft:rose_bush":19,"minecraft:poppy":3,"minecraft:iron_pickaxe":1,"minecraft:sugar_cane":44,"minecraft:chest":9,"minecraft:birch_sapling":7,"minecraft:furnace":10,"minecraft:dark_oak_door":5,"minecraft:dark_oak_sapling":27,"minecraft:stick":55,"minecraft:raw_iron":59,"minecraft:cherry_stairs":9,"minecraft:oak_fence":20,"minecraft:torch":23,"minecraft:porkchop":42,"minecraft:dried_kelp":25,"minecraft:cherry_log":55,"minecraft:pointed_dripstone":56,"minecraft:diorite":6,"minecraft:carrot":27,"minecraft:cauldron":4,"minecraft:dark_oak_planks":14,"minecraft:arrow":8,"minecraft:rotten_flesh":25,"minecraft:beetroot_seeds":4,"minecraft:hay_block":56,"minecraft:mutton":46,"minecraft:white_wool":23,"minecraft:cobblestone":844,"minecraft:oxeye_daisy":1,"minecraft:birch_log":115,"minecraft:pink_petals":286,"minecraft:feather":7,"minecraft:cherry_planks":50,"minecraft:glow_ink_sac":2,"minecraft:salmon":5,"minecraft:andesite":5,"minecraft:brown_wool":3,"minecraft:leather":14,"minecraft:potato":5,"minecraft:birch_planks":11,"minecraft:oak_log":380,"minecraft:tuff":27,"minecraft:light_gray_dye":1,"minecraft:magenta_bed":2,"minecraft:yellow_bed":5,"minecraft:lapis_lazuli":29,"minecraft:dirt":968,"minecraft:bone":10,"minecraft:apple":7,"minecraft:kelp":245,"minecraft:stonecutter":1,"minecraft:wheat_seeds":62,"minecraft:stone_pickaxe":4,"minecraft:bell":1,"minecraft:iron_ingot":2,"minecraft:fletching_table":1,"minecraft:oak_planks":30,"minecraft:dark_oak_stairs":3,"minecraft:oak_slab":9,"minecraft:dark_oak_slab":1,"minecraft:pumpkin":21,"minecraft:sweet_berries":35,"minecraft:dandelion":7,"minecraft:oak_pressure_plate":5,"minecraft:gravel":9,"minecraft:sand":248,"minecraft:ink_sac":2,"minecraft:white_bed":2,"minecraft:dark_oak_log":244,"minecraft:spider_eye":5,"minecraft:leather_helmet":1,"minecraft:granite":48,"minecraft:cherry_sapling":42,"minecraft:gray_wool":3,"minecraft:dark_oak_wood":3,"minecraft:dark_oak_fence":1,"minecraft:oak_sapling":29,"minecraft:cherry_slab":2,"minecraft:black_wool":2,"minecraft:stripped_dark_oak_log":2,"minecraft:coal":183,"minecraft:sunflower":2},"minecraft:custom":{"minecraft:mob_kills":111,"minecraft:animals_bred":1,"minecraft:interact_with_crafting_table":99,"minecraft:bell_ring":8,"minecraft:leave_game":9,"minecraft:time_since_death":358205,"minecraft:climb_one_cm":796,"minecraft:sprint_one_cm":523188,"minecraft:walk_one_cm":1285038,"minecraft:drop":63,"minecraft:damage_dealt_absorbed":21,"minecraft:talked_to_villager":5,"minecraft:play_time":663201,"minecraft:deaths":15,"minecraft:sneak_time":6163,"minecraft:walk_under_water_one_cm":24253,"minecraft:boat_one_cm":34965,"minecraft:interact_with_brewingstand":1,"minecraft:jump":3924,"minecraft:walk_on_water_one_cm":27912,"minecraft:total_world_time":663201,"minecraft:interact_with_furnace":97,"minecraft:interact_with_stonecutter":1,"minecraft:sleep_in_bed":16,"minecraft:time_since_rest":21114,"minecraft:damage_taken":7002,"minecraft:damage_absorbed":21,"minecraft:damage_dealt":14549,"minecraft:swim_one_cm":26932,"minecraft:fly_one_cm":554935,"minecraft:player_kills":2,"minecraft:open_chest":123,"minecraft:crouch_one_cm":21246,"minecraft:fall_one_cm":89902}},"DataVersion":3463}