{"stats":{"minecraft:crafted":{"minecraft:red_dye":38,"minecraft:oak_planks":460,"minecraft:cooked_porkchop":8,"minecraft:crafting_table":8,"minecraft:cooked_chicken":3,"minecraft:wooden_pickaxe":3,"minecraft:furnace":4,"minecraft:birch_planks":36,"minecraft:stone_axe":2,"minecraft:bread":5,"minecraft:air":0,"minecraft:blue_dye":64,"minecraft:iron_axe":1,"minecraft:stick":136,"minecraft:stone_pickaxe":23,"minecraft:stone_sword":2,"minecraft:chest":4,"minecraft:light_gray_dye":1,"minecraft:torch":84,"minecraft:wheat":18},"minecraft:broken":{"minecraft:stone_pickaxe":5,"minecraft:stone_axe":1},"minecraft:mined":{"minecraft:tuff":27,"minecraft:kelp_plant":36,"minecraft:dandelion":8,"minecraft:brewing_stand":1,"minecraft:oak_fence":20,"minecraft:cornflower":65,"minecraft:torch":3,"minecraft:granite":48,"minecraft:grass_block":13,"minecraft:chest":6,"minecraft:rose_bush":19,"minecraft:tall_grass":26,"minecraft:copper_ore":22,"minecraft:oxeye_daisy":3,"minecraft:sugar_cane":6,"minecraft:kelp":1,"minecraft:oak_wall_sign":1,"minecraft:diorite":3,"minecraft:wall_torch":7,"minecraft:hay_block":12,"minecraft:tall_seagrass":1,"minecraft:birch_log":24,"minecraft:iron_ore":11,"minecraft:magenta_bed":2,"minecraft:andesite":4,"minecraft:birch_leaves":1,"minecraft:yellow_bed":1,"minecraft:grass":51,"minecraft:oak_log":119,"minecraft:coal_ore":120,"minecraft:deepslate_iron_ore":5,"minecraft:gravel":4,"minecraft:sand":1,"minecraft:dirt":15,"minecraft:stone":370,"minecraft:oak_leaves":38,"minecraft:deepslate":194},"minecraft:used":{"minecraft:oak_fence":30,"minecraft:trident":6,"minecraft:netherite_sword":22,"minecraft:stone_sword":148,"minecraft:stone_pickaxe":780,"minecraft:oak_sign":4,"minecraft:chest":12,"minecraft:wooden_pickaxe":50,"minecraft:torch":64,"minecraft:golden_apple":1,"minecraft:dirt":5,"minecraft:sand":5,"minecraft:crafting_table":7,"minecraft:magenta_bed":2,"minecraft:bread":3,"minecraft:netherite_axe":43,"minecraft:stone_axe":130,"minecraft:cobblestone":8,"minecraft:furnace":4,"minecraft:cooked_porkchop":7,"minecraft:andesite":4,"minecraft:cobbled_deepslate":2},"minecraft:killed":{"minecraft:pig":7,"minecraft:spider":5,"minecraft:sheep":5,"minecraft:skeleton":6,"minecraft:zombie":9,"minecraft:chicken":6,"minecraft:cow":2},"minecraft:killed_by":{"minecraft:player":1,"minecraft:skeleton":2,"minecraft:spider":3,"minecraft:zombie":5},"minecraft:custom":{"minecraft:interact_with_furnace":6,"minecraft:mob_kills":40,"minecraft:animals_bred":1,"minecraft:interact_with_crafting_table":19,"minecraft:bell_ring":8,"minecraft:leave_game":5,"minecraft:time_since_death":116,"minecraft:sleep_in_bed":2,"minecraft:time_since_rest":209,"minecraft:sprint_one_cm":150553,"minecraft:damage_absorbed":21,"minecraft:damage_taken":4323,"minecraft:walk_one_cm":353035,"minecraft:drop":19,"minecraft:damage_dealt":7188,"minecraft:damage_dealt_absorbed":21,"minecraft:swim_one_cm":17423,"minecraft:fly_one_cm":189926,"minecraft:player_kills":1,"minecraft:open_chest":27,"minecraft:crouch_one_cm":1754,"minecraft:play_time":210986,"minecraft:deaths":13,"minecraft:sneak_time":496,"minecraft:walk_under_water_one_cm":11941,"minecraft:jump":1340,"minecraft:interact_with_brewingstand":1,"minecraft:walk_on_water_one_cm":14876,"minecraft:total_world_time":210986,"minecraft:fall_one_cm":14895},"minecraft:picked_up":{"minecraft:birch_log":23,"minecraft:feather":6,"minecraft:chicken":6,"minecraft:andesite":4,"minecraft:leather":1,"minecraft:tuff":27,"minecraft:oak_log":115,"minecraft:brewing_stand":1,"minecraft:yellow_bed":1,"minecraft:magenta_bed":2,"minecraft:cornflower":65,"minecraft:dirt":28,"minecraft:string":7,"minecraft:raw_copper":84,"minecraft:bone":3,"minecraft:oak_sign":17,"minecraft:kelp":245,"minecraft:wheat_seeds":4,"minecraft:cobbled_deepslate":194,"minecraft:beef":3,"minecraft:stone_pickaxe":3,"minecraft:rose_bush":19,"minecraft:sugar_cane":16,"minecraft:chest":6,"minecraft:oak_planks":1,"minecraft:furnace":3,"minecraft:stick":2,"minecraft:raw_iron":16,"minecraft:oak_fence":20,"minecraft:torch":11,"minecraft:dandelion":6,"minecraft:dried_kelp":25,"minecraft:gravel":9,"minecraft:porkchop":14,"minecraft:sand":1,"minecraft:diorite":3,"minecraft:leather_helmet":1,"minecraft:arrow":6,"minecraft:rotten_flesh":12,"minecraft:hay_block":12,"minecraft:granite":48,"minecraft:oak_sapling":3,"minecraft:black_wool":2,"minecraft:mutton":8,"minecraft:coal":120,"minecraft:white_wool":3,"minecraft:cobblestone":431,"minecraft:oxeye_daisy":1},"minecraft:dropped":{"minecraft:oak_fence":66,"minecraft:rotten_flesh":1,"minecraft:oak_planks":1,"minecraft:oak_sign":4,"minecraft:spruce_fence":64,"minecraft:leather_helmet":1,"minecraft:magenta_bed":2,"minecraft:dirt":2,"minecraft:cornflower":1,"minecraft:chest":2,"minecraft:sand":1,"minecraft:wooden_pickaxe":2,"minecraft:stone_pickaxe":3}},"DataVersion":3463}