{"stats":{"minecraft:broken":{"minecraft:stone_sword":1,"minecraft:stone_pickaxe":6,"minecraft:stone_axe":1},"minecraft:crafted":{"minecraft:oak_planks":460,"minecraft:cooked_chicken":3,"minecraft:furnace":11,"minecraft:iron_axe":1,"minecraft:stone_pickaxe":23,"minecraft:chest":4,"minecraft:wheat":18,"minecraft:cooked_beef":3,"minecraft:red_dye":38,"minecraft:cooked_porkchop":8,"minecraft:crafting_table":9,"minecraft:iron_helmet":1,"minecraft:wooden_pickaxe":3,"minecraft:iron_sword":1,"minecraft:cooked_salmon":5,"minecraft:birch_planks":36,"minecraft:stone_axe":2,"minecraft:bread":5,"minecraft:air":0,"minecraft:blue_dye":64,"minecraft:iron_chestplate":1,"minecraft:stick":136,"minecraft:iron_ingot":14,"minecraft:stone_sword":2,"minecraft:iron_shovel":1,"minecraft:light_gray_dye":1,"minecraft:torch":84},"minecraft:mined":{"minecraft:tuff":27,"minecraft:white_bed":2,"minecraft:cherry_log":58,"minecraft:brewing_stand":2,"minecraft:granite":48,"minecraft:grass_block":107,"minecraft:kelp":1,"minecraft:oak_wall_sign":1,"minecraft:oxeye_daisy":3,"minecraft:hay_block":13,"minecraft:tall_seagrass":1,"minecraft:furnace":7,"minecraft:iron_ore":33,"minecraft:andesite":5,"minecraft:fletching_table":1,"minecraft:deepslate_iron_ore":5,"minecraft:stone":385,"minecraft:kelp_plant":36,"minecraft:dandelion":8,"minecraft:crafting_table":2,"minecraft:oak_fence":20,"minecraft:cornflower":65,"minecraft:torch":4,"minecraft:chest":9,"minecraft:rose_bush":19,"minecraft:copper_ore":22,"minecraft:tall_grass":26,"minecraft:lapis_ore":4,"minecraft:sugar_cane":9,"minecraft:diorite":3,"minecraft:wall_torch":7,"minecraft:pink_petals":106,"minecraft:birch_log":24,"minecraft:magenta_bed":2,"minecraft:birch_leaves":1,"minecraft:yellow_bed":4,"minecraft:grass":116,"minecraft:coal_ore":120,"minecraft:oak_log":125,"minecraft:cherry_leaves":10,"minecraft:sunflower":1,"minecraft:dirt":18,"minecraft:sand":1,"minecraft:gravel":4,"minecraft:oak_leaves":40,"minecraft:deepslate":194},"minecraft:used":{"minecraft:oak_fence":30,"minecraft:trident":6,"minecraft:netherite_sword":22,"minecraft:stone_sword":167,"minecraft:iron_shovel":97,"minecraft:oak_sign":4,"minecraft:chest":15,"minecraft:cooked_chicken":3,"minecraft:torch":86,"minecraft:dirt":5,"minecraft:iron_axe":116,"minecraft:furnace":18,"minecraft:cooked_beef":3,"minecraft:cobbled_deepslate":2,"minecraft:stone_pickaxe":831,"minecraft:wooden_pickaxe":50,"minecraft:golden_apple":1,"minecraft:sand":5,"minecraft:crafting_table":10,"minecraft:magenta_bed":2,"minecraft:white_bed":2,"minecraft:bread":5,"minecraft:netherite_axe":43,"minecraft:gravel":7,"minecraft:stone_axe":174,"minecraft:pink_petals":5,"minecraft:cobblestone":8,"minecraft:cooked_porkchop":8,"minecraft:andesite":4,"minecraft:yellow_bed":1},"minecraft:killed":{"minecraft:spider":5,"minecraft:skeleton":7,"minecraft:chicken":8,"minecraft:pig":12,"minecraft:salmon":7,"minecraft:sheep":15,"minecraft:zombie":13,"minecraft:cow":12},"minecraft:killed_by":{"minecraft:player":1,"minecraft:spider":3,"minecraft:skeleton":3,"minecraft:zombie":5},"minecraft:custom":{"minecraft:mob_kills":79,"minecraft:animals_bred":1,"minecraft:interact_with_crafting_table":35,"minecraft:bell_ring":8,"minecraft:leave_game":5,"minecraft:time_since_death":44830,"minecraft:sprint_one_cm":246554,"minecraft:walk_one_cm":503905,"minecraft:drop":32,"minecraft:damage_dealt_absorbed":21,"minecraft:talked_to_villager":3,"minecraft:play_time":258986,"minecraft:deaths":14,"minecraft:sneak_time":1061,"minecraft:walk_under_water_one_cm":19932,"minecraft:interact_with_brewingstand":1,"minecraft:jump":1942,"minecraft:walk_on_water_one_cm":19164,"minecraft:total_world_time":258986,"minecraft:interact_with_furnace":45,"minecraft:sleep_in_bed":4,"minecraft:time_since_rest":3981,"minecraft:damage_taken":5139,"minecraft:damage_absorbed":21,"minecraft:damage_dealt":11230,"minecraft:fly_one_cm":280130,"minecraft:swim_one_cm":24578,"minecraft:player_kills":1,"minecraft:open_chest":44,"minecraft:crouch_one_cm":2308,"minecraft:fall_one_cm":27541},"minecraft:picked_up":{"minecraft:crafting_table":4,"minecraft:chicken":8,"minecraft:brewing_stand":2,"minecraft:cornflower":65,"minecraft:string":7,"minecraft:raw_copper":84,"minecraft:iron_leggings":1,"minecraft:oak_sign":17,"minecraft:cobbled_deepslate":194,"minecraft:beef":25,"minecraft:rose_bush":19,"minecraft:sugar_cane":24,"minecraft:chest":9,"minecraft:furnace":10,"minecraft:raw_iron":41,"minecraft:stick":19,"minecraft:oak_fence":20,"minecraft:torch":14,"minecraft:porkchop":26,"minecraft:dried_kelp":25,"minecraft:cherry_log":46,"minecraft:diorite":4,"minecraft:arrow":8,"minecraft:rotten_flesh":22,"minecraft:hay_block":20,"minecraft:mutton":22,"minecraft:cobblestone":514,"minecraft:white_wool":10,"minecraft:oxeye_daisy":1,"minecraft:birch_log":23,"minecraft:pink_petals":261,"minecraft:feather":7,"minecraft:glow_ink_sac":2,"minecraft:salmon":5,"minecraft:andesite":5,"minecraft:leather":12,"minecraft:tuff":27,"minecraft:light_gray_dye":1,"minecraft:oak_log":121,"minecraft:magenta_bed":2,"minecraft:yellow_bed":5,"minecraft:lapis_lazuli":29,"minecraft:dirt":120,"minecraft:bone":10,"minecraft:kelp":245,"minecraft:wheat_seeds":14,"minecraft:iron_ingot":2,"minecraft:stone_pickaxe":3,"minecraft:fletching_table":1,"minecraft:oak_planks":11,"minecraft:dandelion":6,"minecraft:gravel":9,"minecraft:sand":1,"minecraft:white_bed":2,"minecraft:spider_eye":5,"minecraft:leather_helmet":1,"minecraft:granite":48,"minecraft:cherry_sapling":42,"minecraft:gray_wool":3,"minecraft:oak_sapling":7,"minecraft:black_wool":2,"minecraft:coal":121,"minecraft:sunflower":1},"minecraft:dropped":{"minecraft:wheat_seeds":1,"minecraft:crafting_table":2,"minecraft:oak_fence":66,"minecraft:cobblestone":64,"minecraft:coal":3,"minecraft:leather_helmet":1,"minecraft:magenta_bed":2,"minecraft:dirt":2,"minecraft:cornflower":1,"minecraft:sunflower":1,"minecraft:sand":1,"minecraft:string":6,"minecraft:gravel":2,"minecraft:stone_axe":1,"minecraft:rotten_flesh":1,"minecraft:oak_planks":1,"minecraft:spruce_fence":64,"minecraft:oak_sign":4,"minecraft:andesite":1,"minecraft:yellow_bed":3,"minecraft:chest":2,"minecraft:light_gray_dye":1,"minecraft:stone_pickaxe":3,"minecraft:wooden_pickaxe":2}},"DataVersion":3463}