{"stats":{"minecraft:crafted":{"minecraft:oak_planks":340,"minecraft:crafting_table":5,"minecraft:wooden_pickaxe":3,"minecraft:furnace":3,"minecraft:birch_planks":36,"minecraft:stone_axe":1,"minecraft:stick":100,"minecraft:stone_pickaxe":21,"minecraft:stone_sword":2,"minecraft:chest":4,"minecraft:torch":84},"minecraft:broken":{"minecraft:stone_pickaxe":3},"minecraft:mined":{"minecraft:kelp_plant":36,"minecraft:dandelion":8,"minecraft:oak_fence":20,"minecraft:granite":47,"minecraft:grass_block":10,"minecraft:chest":6,"minecraft:copper_ore":22,"minecraft:tall_grass":21,"minecraft:sugar_cane":6,"minecraft:kelp":1,"minecraft:diorite":3,"minecraft:oak_wall_sign":1,"minecraft:wall_torch":2,"minecraft:tall_seagrass":1,"minecraft:birch_log":24,"minecraft:magenta_bed":2,"minecraft:andesite":4,"minecraft:birch_leaves":1,"minecraft:grass":32,"minecraft:coal_ore":109,"minecraft:oak_log":86,"minecraft:sand":1,"minecraft:dirt":14,"minecraft:stone":288,"minecraft:oak_leaves":22},"minecraft:used":{"minecraft:oak_fence":30,"minecraft:trident":6,"minecraft:netherite_sword":22,"minecraft:stone_sword":19,"minecraft:stone_pickaxe":438,"minecraft:oak_sign":4,"minecraft:chest":12,"minecraft:wooden_pickaxe":50,"minecraft:torch":23,"minecraft:golden_apple":1,"minecraft:dirt":5,"minecraft:sand":5,"minecraft:crafting_table":4,"minecraft:magenta_bed":2,"minecraft:netherite_axe":43,"minecraft:stone_axe":69,"minecraft:cobblestone":2,"minecraft:furnace":3,"minecraft:andesite":4},"minecraft:killed":{"minecraft:spider":1,"minecraft:sheep":5,"minecraft:skeleton":1,"minecraft:zombie":4},"minecraft:killed_by":{"minecraft:player":1,"minecraft:skeleton":1,"minecraft:spider":2,"minecraft:zombie":4},"minecraft:custom":{"minecraft:interact_with_furnace":1,"minecraft:mob_kills":11,"minecraft:interact_with_crafting_table":10,"minecraft:leave_game":4,"minecraft:time_since_death":15846,"minecraft:sleep_in_bed":1,"minecraft:time_since_rest":15879,"minecraft:sprint_one_cm":91693,"minecraft:walk_one_cm":182154,"minecraft:damage_taken":2767,"minecraft:damage_absorbed":21,"minecraft:drop":17,"minecraft:damage_dealt":2412,"minecraft:damage_dealt_absorbed":21,"minecraft:swim_one_cm":15522,"minecraft:fly_one_cm":136929,"minecraft:player_kills":1,"minecraft:open_chest":22,"minecraft:crouch_one_cm":139,"minecraft:play_time":162060,"minecraft:deaths":10,"minecraft:sneak_time":202,"minecraft:walk_under_water_one_cm":11250,"minecraft:jump":729,"minecraft:walk_on_water_one_cm":13500,"minecraft:total_world_time":162060,"minecraft:fall_one_cm":7061},"minecraft:picked_up":{"minecraft:birch_log":23,"minecraft:andesite":4,"minecraft:oak_log":85,"minecraft:magenta_bed":2,"minecraft:dirt":24,"minecraft:string":1,"minecraft:raw_copper":84,"minecraft:oak_sign":17,"minecraft:kelp":245,"minecraft:wheat_seeds":3,"minecraft:stone_pickaxe":3,"minecraft:sugar_cane":16,"minecraft:chest":6,"minecraft:oak_fence":20,"minecraft:torch":4,"minecraft:dandelion":6,"minecraft:sand":1,"minecraft:diorite":3,"minecraft:leather_helmet":1,"minecraft:rotten_flesh":2,"minecraft:granite":47,"minecraft:oak_sapling":2,"minecraft:black_wool":2,"minecraft:mutton":8,"minecraft:coal":109,"minecraft:white_wool":3,"minecraft:cobblestone":285},"minecraft:dropped":{"minecraft:oak_fence":66,"minecraft:rotten_flesh":1,"minecraft:spruce_fence":64,"minecraft:oak_sign":4,"minecraft:leather_helmet":1,"minecraft:magenta_bed":2,"minecraft:dirt":2,"minecraft:chest":2,"minecraft:sand":1,"minecraft:stone_pickaxe":3,"minecraft:wooden_pickaxe":2}},"DataVersion":3463}