{"stats":{"minecraft:crafted":{"minecraft:stone_sword":1,"minecraft:oak_planks":20,"minecraft:stone_hoe":1,"minecraft:stone_axe":1,"minecraft:crafting_table":1,"minecraft:stick":12,"minecraft:stone_pickaxe":1,"minecraft:wooden_pickaxe":1},"minecraft:mined":{"minecraft:grass":3,"minecraft:hay_block":17,"minecraft:grass_block":1,"minecraft:oak_log":5,"minecraft:carrots":4,"minecraft:dirt":1,"minecraft:stone":11,"minecraft:crafting_table":2,"minecraft:oak_leaves":1},"minecraft:used":{"minecraft:stone_hoe":16,"minecraft:stone_axe":2,"minecraft:crafting_table":2,"minecraft:carrot":4,"minecraft:wooden_pickaxe":20},"minecraft:custom":{"minecraft:time_since_rest":12000,"minecraft:crouch_one_cm":683,"minecraft:play_time":12000,"minecraft:sprint_one_cm":45705,"minecraft:damage_taken":55,"minecraft:walk_one_cm":35448,"minecraft:sneak_time":150,"minecraft:walk_under_water_one_cm":1155,"minecraft:jump":214,"minecraft:damage_dealt":9,"minecraft:time_since_death":12000,"minecraft:walk_on_water_one_cm":1255,"minecraft:climb_one_cm":1424,"minecraft:total_world_time":12000,"minecraft:interact_with_crafting_table":4,"minecraft:fall_one_cm":5087,"minecraft:fly_one_cm":40825},"minecraft:picked_up":{"minecraft:crafting_table":2,"minecraft:hay_block":16,"minecraft:oak_log":5,"minecraft:carrot":13,"minecraft:dirt":4,"minecraft:cobblestone":11}},"DataVersion":3463}