{"stats":{"minecraft:crafted":{"minecraft:oak_planks":20,"minecraft:crafting_table":1,"minecraft:stick":12,"minecraft:wooden_pickaxe":1,"minecraft:stone_pickaxe":1,"minecraft:stone_sword":1,"minecraft:torch":12,"minecraft:stone_hoe":1,"minecraft:stone_axe":1,"minecraft:bread":48,"minecraft:wheat":144},"minecraft:used":{"minecraft:stone_sword":14,"minecraft:bread":6,"minecraft:stone_pickaxe":39,"minecraft:wooden_pickaxe":20,"minecraft:stone_hoe":47,"minecraft:torch":3,"minecraft:stone_axe":3,"minecraft:dirt":10,"minecraft:crafting_table":3,"minecraft:carrot":4},"minecraft:mined":{"minecraft:hay_block":47,"minecraft:carrots":4,"minecraft:iron_ore":12,"minecraft:andesite":1,"minecraft:torch":1,"minecraft:crafting_table":3,"minecraft:grass":3,"minecraft:coal_ore":21,"minecraft:grass_block":3,"minecraft:oak_log":5,"minecraft:dirt":6,"minecraft:stone":15,"minecraft:sugar_cane":1,"minecraft:oak_leaves":1,"minecraft:wall_torch":2},"minecraft:killed":{"minecraft:zombie":1,"minecraft:creeper":1,"minecraft:cow":1},"minecraft:custom":{"minecraft:time_since_rest":21917,"minecraft:sprint_one_cm":113321,"minecraft:damage_taken":248,"minecraft:walk_one_cm":133364,"minecraft:mob_kills":3,"minecraft:damage_dealt":618,"minecraft:swim_one_cm":654,"minecraft:interact_with_crafting_table":5,"minecraft:fly_one_cm":96097,"minecraft:open_chest":2,"minecraft:crouch_one_cm":2654,"minecraft:play_time":34494,"minecraft:bell_ring":3,"minecraft:sneak_time":797,"minecraft:walk_under_water_one_cm":6196,"minecraft:jump":700,"minecraft:leave_game":3,"minecraft:walk_on_water_one_cm":8259,"minecraft:time_since_death":34494,"minecraft:sleep_in_bed":1,"minecraft:climb_one_cm":1424,"minecraft:total_world_time":34494,"minecraft:fall_one_cm":15674},"minecraft:picked_up":{"minecraft:crafting_table":3,"minecraft:raw_iron":10,"minecraft:andesite":1,"minecraft:leather":1,"minecraft:torch":3,"minecraft:oak_log":5,"minecraft:carrot":13,"minecraft:gunpowder":2,"minecraft:dirt":11,"minecraft:rotten_flesh":4,"minecraft:wheat_seeds":1,"minecraft:hay_block":46,"minecraft:beef":1,"minecraft:sugar_cane":2,"minecraft:coal":21,"minecraft:cobblestone":13}},"DataVersion":3463}