{"stats":{"minecraft:broken":{"minecraft:iron_shovel":5,"minecraft:iron_axe":6,"minecraft:iron_sword":1,"minecraft:iron_pickaxe":2},"minecraft:crafted":{"minecraft:cherry_planks":68,"minecraft:oak_planks":16,"minecraft:cooked_chicken":3,"minecraft:furnace":4,"minecraft:dark_oak_trapdoor":32,"minecraft:stone":175,"minecraft:bone_meal":39,"minecraft:cooked_mutton":6,"minecraft:glass_pane":32,"minecraft:dark_oak_door":3,"minecraft:dark_oak_fence":9,"minecraft:stone_brick_slab":8,"minecraft:iron_boots":1,"minecraft:iron_axe":7,"minecraft:chest":6,"minecraft:dark_oak_planks":624,"minecraft:stone_bricks":15,"minecraft:smoker":1,"minecraft:wheat":519,"minecraft:cooked_beef":12,"minecraft:cooked_porkchop":9,"minecraft:dark_oak_stairs":20,"minecraft:crafting_table":4,"minecraft:dried_kelp":91,"minecraft:wooden_pickaxe":1,"minecraft:iron_helmet":1,"minecraft:iron_sword":1,"minecraft:red_wool":17,"minecraft:bucket":1,"minecraft:bread":173,"minecraft:air":0,"minecraft:stone_brick_stairs":8,"minecraft:dark_oak_slab":12,"minecraft:wooden_hoe":1,"minecraft:iron_chestplate":1,"minecraft:shield":1,"minecraft:stick":224,"minecraft:iron_ingot":75,"minecraft:iron_pickaxe":3,"minecraft:iron_shovel":7,"minecraft:iron_leggings":1,"minecraft:torch":196},"minecraft:used":{"minecraft:cherry_sapling":10,"minecraft:iron_shovel":1506,"minecraft:dried_kelp":67,"minecraft:poppy":4,"minecraft:chest":6,"minecraft:shield":11,"minecraft:iron_sword":211,"minecraft:iron_chestplate":1,"minecraft:torch":26,"minecraft:dirt":1387,"minecraft:tuff":143,"minecraft:stone_brick_slab":4,"minecraft:dark_oak_planks":507,"minecraft:red_wool":6,"minecraft:iron_axe":1668,"minecraft:iron_helmet":1,"minecraft:dark_oak_slab":5,"minecraft:iron_boots":1,"minecraft:stone_brick_stairs":17,"minecraft:stone_bricks":125,"minecraft:sweet_berries":14,"minecraft:furnace":6,"minecraft:cooked_beef":12,"minecraft:cobbled_deepslate":1,"minecraft:iron_leggings":1,"minecraft:dark_oak_sapling":73,"minecraft:dark_oak_stairs":11,"minecraft:water_bucket":1,"minecraft:diorite":1,"minecraft:stone_pickaxe":36,"minecraft:orange_tulip":2,"minecraft:stonecutter":1,"minecraft:dark_oak_trapdoor":33,"minecraft:stripped_dark_oak_log":26,"minecraft:crafting_table":8,"minecraft:blast_furnace":2,"minecraft:dark_oak_door":2,"minecraft:smoker":1,"minecraft:wooden_hoe":26,"minecraft:cornflower":2,"minecraft:dark_oak_log":667,"minecraft:bread":54,"minecraft:iron_pickaxe":545,"minecraft:pink_petals":3,"minecraft:cobblestone":126,"minecraft:dark_oak_fence":4,"minecraft:bucket":2,"minecraft:glass_pane":24,"minecraft:yellow_bed":1,"minecraft:dandelion":2,"minecraft:bone_meal":30},"minecraft:mined":{"minecraft:dark_oak_planks":20,"minecraft:tuff":134,"minecraft:white_bed":1,"minecraft:dark_oak_leaves":16,"minecraft:cherry_log":91,"minecraft:cherry_sapling":1,"minecraft:dark_oak_log":845,"minecraft:cave_vines_plant":1,"minecraft:granite":6,"minecraft:grass_block":1290,"minecraft:hay_block":65,"minecraft:furnace":3,"minecraft:dark_oak_trapdoor":2,"minecraft:iron_ore":53,"minecraft:andesite":6,"minecraft:azure_bluet":1,"minecraft:dirt_path":1,"minecraft:azalea":1,"minecraft:white_tulip":2,"minecraft:stone":245,"minecraft:stripped_dark_oak_log":30,"minecraft:dandelion":7,"minecraft:cornflower":2,"minecraft:crafting_table":4,"minecraft:blast_furnace":2,"minecraft:poppy":5,"minecraft:tall_grass":1,"minecraft:cobblestone":9,"minecraft:lapis_ore":1,"minecraft:diorite":7,"minecraft:pink_petals":241,"minecraft:dark_oak_door":1,"minecraft:orange_tulip":9,"minecraft:stone_brick_stairs":5,"minecraft:yellow_bed":1,"minecraft:bee_nest":1,"minecraft:grass":111,"minecraft:oak_log":4,"minecraft:coal_ore":81,"minecraft:cherry_leaves":75,"minecraft:dark_oak_sapling":3,"minecraft:sand":2,"minecraft:dirt":243,"minecraft:stone_bricks":7,"minecraft:stonecutter":1,"minecraft:oak_leaves":11,"minecraft:deepslate":2},"minecraft:killed":{"minecraft:witch":1,"minecraft:spider":2,"minecraft:skeleton":3,"minecraft:bee":2,"minecraft:chicken":3,"minecraft:pig":4,"minecraft:creeper":1,"minecraft:sheep":5,"minecraft:pillager":2,"minecraft:zombie":13,"minecraft:cow":7},"minecraft:custom":{"minecraft:mob_kills":44,"minecraft:interact_with_crafting_table":64,"minecraft:leave_game":3,"minecraft:time_since_death":328849,"minecraft:climb_one_cm":255,"minecraft:sprint_one_cm":692849,"minecraft:walk_one_cm":790320,"minecraft:damage_blocked_by_shield":589,"minecraft:drop":66,"minecraft:talked_to_villager":1,"minecraft:play_time":328849,"minecraft:sneak_time":13273,"minecraft:walk_under_water_one_cm":7512,"minecraft:jump":5156,"minecraft:interact_with_blast_furnace":5,"minecraft:walk_on_water_one_cm":19779,"minecraft:total_world_time":328849,"minecraft:interact_with_furnace":160,"minecraft:interact_with_cartography_table":2,"minecraft:interact_with_stonecutter":12,"minecraft:sleep_in_bed":17,"minecraft:time_since_rest":5102,"minecraft:damage_taken":3040,"minecraft:damage_dealt":8800,"minecraft:swim_one_cm":24672,"minecraft:fly_one_cm":970729,"minecraft:open_chest":166,"minecraft:crouch_one_cm":44448,"minecraft:interact_with_smoker":3,"minecraft:fall_one_cm":144318},"minecraft:picked_up":{"minecraft:crafting_table":4,"minecraft:wheat":4,"minecraft:azure_bluet":1,"minecraft:chicken":3,"minecraft:potion":3,"minecraft:stone_brick_stairs":5,"minecraft:cornflower":2,"minecraft:string":4,"minecraft:dark_oak_trapdoor":2,"minecraft:iron_axe":1,"minecraft:cobbled_deepslate":2,"minecraft:beef":12,"minecraft:white_tulip":2,"minecraft:azalea":1,"minecraft:poppy":5,"minecraft:furnace":3,"minecraft:dark_oak_door":1,"minecraft:dark_oak_sapling":88,"minecraft:stick":44,"minecraft:raw_iron":53,"minecraft:torch":1,"minecraft:porkchop":9,"minecraft:dried_kelp":2,"minecraft:cherry_log":91,"minecraft:diorite":9,"minecraft:dark_oak_planks":20,"minecraft:arrow":1,"minecraft:rotten_flesh":16,"minecraft:hay_block":63,"minecraft:glow_berries":20,"minecraft:mutton":7,"minecraft:cobblestone":264,"minecraft:white_wool":5,"minecraft:pink_petals":821,"minecraft:feather":4,"minecraft:andesite":6,"minecraft:leather":6,"minecraft:tuff":134,"minecraft:oak_log":4,"minecraft:yellow_bed":2,"minecraft:lapis_lazuli":8,"minecraft:dirt":1291,"minecraft:white_banner":3,"minecraft:bone":6,"minecraft:apple":11,"minecraft:stone_bricks":7,"minecraft:kelp":80,"minecraft:stonecutter":1,"minecraft:orange_tulip":6,"minecraft:wheat_seeds":35,"minecraft:sweet_berries":28,"minecraft:dandelion":7,"minecraft:sand":2,"minecraft:blast_furnace":2,"minecraft:white_bed":1,"minecraft:dark_oak_log":852,"minecraft:spider_eye":7,"minecraft:granite":4,"minecraft:crossbow":1,"minecraft:cherry_sapling":46,"minecraft:bread":1,"minecraft:stripped_dark_oak_log":30,"minecraft:coal":157},"minecraft:dropped":{"minecraft:bread":1,"minecraft:dark_oak_stairs":3,"minecraft:wheat_seeds":34,"minecraft:dark_oak_sapling":13,"minecraft:cobblestone":70,"minecraft:granite":4,"minecraft:dirt":192,"minecraft:torch":2,"minecraft:wooden_hoe":1,"minecraft:potion":3,"minecraft:dried_kelp":26,"minecraft:iron_axe":1,"minecraft:dark_oak_planks":2,"minecraft:pink_petals":106,"minecraft:white_wool":4,"minecraft:dandelion":5,"minecraft:furnace":3,"minecraft:compass":1,"minecraft:cobbled_deepslate":1,"minecraft:rotten_flesh":18,"minecraft:oak_planks":8,"minecraft:azure_bluet":1,"minecraft:poppy":1,"minecraft:azalea":1,"minecraft:spider_eye":7,"minecraft:stone_pickaxe":3}},"DataVersion":3463}