{"stats":{"minecraft:custom":{"minecraft:interact_with_anvil":1,"minecraft:mob_kills":101,"minecraft:open_barrel":3,"minecraft:interact_with_crafting_table":102,"minecraft:leave_game":8,"minecraft:time_since_death":550430,"minecraft:climb_one_cm":883,"minecraft:sprint_one_cm":1307813,"minecraft:walk_one_cm":1168529,"minecraft:damage_blocked_by_shield":2266,"minecraft:drop":119,"minecraft:talked_to_villager":2,"minecraft:raid_win":1,"minecraft:play_time":550430,"minecraft:sneak_time":25733,"minecraft:walk_under_water_one_cm":29215,"minecraft:jump":8745,"minecraft:interact_with_blast_furnace":29,"minecraft:enchant_item":8,"minecraft:walk_on_water_one_cm":44914,"minecraft:total_world_time":550430,"minecraft:interact_with_furnace":209,"minecraft:interact_with_cartography_table":2,"minecraft:raid_trigger":1,"minecraft:interact_with_stonecutter":14,"minecraft:sleep_in_bed":22,"minecraft:time_since_rest":2712,"minecraft:damage_taken":5904,"minecraft:damage_dealt":25755,"minecraft:swim_one_cm":72160,"minecraft:fly_one_cm":1648601,"minecraft:open_chest":299,"minecraft:crouch_one_cm":76256,"minecraft:interact_with_smoker":3,"minecraft:fall_one_cm":239301},"minecraft:picked_up":{"minecraft:crafting_table":4,"minecraft:wheat":4,"minecraft:azure_bluet":1,"minecraft:chicken":3,"minecraft:potion":3,"minecraft:stone_brick_stairs":5,"minecraft:cornflower":2,"minecraft:string":20,"minecraft:dark_oak_trapdoor":8,"minecraft:iron_axe":1,"minecraft:cobbled_deepslate":93,"minecraft:beef":12,"minecraft:white_tulip":2,"minecraft:azalea":1,"minecraft:poppy":5,"minecraft:iron_pickaxe":4,"minecraft:egg":3,"minecraft:furnace":4,"minecraft:dark_oak_door":1,"minecraft:dark_oak_sapling":105,"minecraft:stick":54,"minecraft:raw_iron":203,"minecraft:composter":1,"minecraft:torch":14,"minecraft:porkchop":9,"minecraft:dried_kelp":2,"minecraft:cherry_log":91,"minecraft:pointed_dripstone":7,"minecraft:diorite":12,"minecraft:redstone":115,"minecraft:dark_oak_planks":21,"minecraft:arrow":13,"minecraft:rotten_flesh":44,"minecraft:hay_block":63,"minecraft:saddle":1,"minecraft:glow_berries":29,"minecraft:mutton":8,"minecraft:white_wool":6,"minecraft:cobblestone":301,"minecraft:pink_petals":826,"minecraft:feather":4,"minecraft:glow_ink_sac":3,"minecraft:water_bucket":2,"minecraft:andesite":8,"minecraft:leather":8,"minecraft:flint":1,"minecraft:tuff":158,"minecraft:oak_log":5,"minecraft:yellow_bed":2,"minecraft:lapis_lazuli":93,"minecraft:dirt":1295,"minecraft:white_banner":10,"minecraft:bone":24,"minecraft:apple":13,"minecraft:stone_bricks":9,"minecraft:kelp":80,"minecraft:stonecutter":1,"minecraft:wheat_seeds":37,"minecraft:orange_tulip":6,"minecraft:raw_gold":24,"minecraft:iron_ingot":1,"minecraft:dark_oak_sign":3,"minecraft:iron_sword":2,"minecraft:dark_oak_stairs":5,"minecraft:smooth_basalt":2,"minecraft:dark_oak_slab":5,"minecraft:sweet_berries":28,"minecraft:dandelion":7,"minecraft:dripstone_block":9,"minecraft:gravel":18,"minecraft:sand":2,"minecraft:barrel":2,"minecraft:blast_furnace":2,"minecraft:white_bed":1,"minecraft:dark_oak_log":1085,"minecraft:spider_eye":8,"minecraft:bone_meal":1,"minecraft:diamond":39,"minecraft:iron_helmet":1,"minecraft:crossbow":2,"minecraft:granite":5,"minecraft:cherry_sapling":46,"minecraft:emerald":4,"minecraft:bread":1,"minecraft:stripped_dark_oak_log":86,"minecraft:coal":274,"minecraft:sunflower":4},"minecraft:broken":{"minecraft:iron_shovel":5,"minecraft:iron_axe":8,"minecraft:iron_sword":1,"minecraft:iron_pickaxe":3},"minecraft:dropped":{"minecraft:water_bucket":2,"minecraft:bread":1,"minecraft:iron_sword":5,"minecraft:dark_oak_stairs":3,"minecraft:wheat_seeds":34,"minecraft:lapis_lazuli":4,"minecraft:dripstone_block":6,"minecraft:dark_oak_sapling":13,"minecraft:crossbow":1,"minecraft:iron_helmet":1,"minecraft:cobblestone":72,"minecraft:glow_berries":1,"minecraft:leather":2,"minecraft:apple":1,"minecraft:granite":5,"minecraft:stick":24,"minecraft:flint":1,"minecraft:dirt":193,"minecraft:diamond_horse_armor":1,"minecraft:diorite":3,"minecraft:wooden_hoe":1,"minecraft:dark_oak_fence":5,"minecraft:torch":4,"minecraft:potion":3,"minecraft:iron_leggings":1,"minecraft:dried_kelp":26,"minecraft:iron_axe":1,"minecraft:iron_pickaxe":6,"minecraft:string":16,"minecraft:dark_oak_planks":7,"minecraft:pink_petals":106,"minecraft:white_wool":4,"minecraft:smooth_basalt":2,"minecraft:dandelion":5,"minecraft:gravel":12,"minecraft:furnace":4,"minecraft:compass":1,"minecraft:dark_oak_sign":1,"minecraft:cobbled_deepslate":29,"minecraft:tuff":1,"minecraft:pointed_dripstone":7,"minecraft:rotten_flesh":18,"minecraft:oak_planks":8,"minecraft:iron_boots":1,"minecraft:azure_bluet":1,"minecraft:glass_pane":2,"minecraft:poppy":1,"minecraft:iron_chestplate":1,"minecraft:andesite":1,"minecraft:azalea":1,"minecraft:spider_eye":8,"minecraft:arrow":10,"minecraft:stone_pickaxe":3},"minecraft:mined":{"minecraft:dark_oak_planks":21,"minecraft:diamond_ore":2,"minecraft:tuff":156,"minecraft:white_bed":1,"minecraft:dark_oak_leaves":18,"minecraft:deepslate_diamond_ore":38,"minecraft:cherry_log":91,"minecraft:cherry_sapling":1,"minecraft:dark_oak_log":1078,"minecraft:cave_vines_plant":1,"minecraft:granite":7,"minecraft:grass_block":1292,"minecraft:composter":2,"minecraft:spawner":3,"minecraft:hay_block":65,"minecraft:redstone_ore":9,"minecraft:barrel":2,"minecraft:furnace":4,"minecraft:dark_oak_trapdoor":8,"minecraft:iron_ore":123,"minecraft:andesite":8,"minecraft:deepslate_lapis_ore":9,"minecraft:azure_bluet":1,"minecraft:dark_oak_stairs":5,"minecraft:pointed_dripstone":1,"minecraft:dirt_path":1,"minecraft:deepslate_iron_ore":59,"minecraft:azalea":1,"minecraft:stone":271,"minecraft:white_tulip":2,"minecraft:deepslate_redstone_ore":17,"minecraft:stripped_dark_oak_log":86,"minecraft:dandelion":7,"minecraft:cornflower":2,"minecraft:crafting_table":4,"minecraft:torch":1,"minecraft:blast_furnace":2,"minecraft:calcite":2,"minecraft:poppy":5,"minecraft:cobblestone":21,"minecraft:glass":10,"minecraft:tall_grass":7,"minecraft:deepslate_gold_ore":20,"minecraft:lapis_ore":5,"minecraft:diorite":8,"minecraft:wall_torch":3,"minecraft:amethyst_block":2,"minecraft:pink_petals":244,"minecraft:dark_oak_slab":5,"minecraft:dark_oak_door":1,"minecraft:dark_oak_wall_sign":3,"minecraft:orange_tulip":9,"minecraft:stone_brick_stairs":5,"minecraft:bee_nest":1,"minecraft:yellow_bed":1,"minecraft:grass":126,"minecraft:coal_ore":150,"minecraft:oak_log":4,"minecraft:cherry_leaves":75,"minecraft:dark_oak_sapling":3,"minecraft:sand":2,"minecraft:gravel":5,"minecraft:dripstone_block":9,"minecraft:dirt":245,"minecraft:cobweb":14,"minecraft:smooth_basalt":2,"minecraft:stone_bricks":9,"minecraft:stonecutter":1,"minecraft:gold_ore":4,"minecraft:oak_leaves":11,"minecraft:deepslate":80},"minecraft:killed":{"minecraft:cave_spider":2,"minecraft:witch":1,"minecraft:vindicator":2,"minecraft:spider":4,"minecraft:skeleton":13,"minecraft:horse":3,"minecraft:bee":2,"minecraft:chicken":3,"minecraft:pig":4,"minecraft:zombie_villager":1,"minecraft:creeper":1,"minecraft:sheep":6,"minecraft:pillager":15,"minecraft:zombie":32,"minecraft:cow":7},"minecraft:used":{"minecraft:cherry_sapling":10,"minecraft:iron_shovel":1506,"minecraft:dried_kelp":67,"minecraft:poppy":4,"minecraft:chest":19,"minecraft:shield":48,"minecraft:iron_sword":466,"minecraft:iron_chestplate":1,"minecraft:torch":186,"minecraft:dirt":1392,"minecraft:tuff":166,"minecraft:glass":40,"minecraft:stone_brick_slab":4,"minecraft:dark_oak_planks":582,"minecraft:lava_bucket":2,"minecraft:red_wool":6,"minecraft:iron_axe":1995,"minecraft:iron_helmet":1,"minecraft:dark_oak_slab":16,"minecraft:iron_boots":1,"minecraft:barrel":2,"minecraft:stone_brick_stairs":21,"minecraft:stone_bricks":167,"minecraft:sweet_berries":16,"minecraft:furnace":7,"minecraft:egg":3,"minecraft:cooked_beef":12,"minecraft:cobbled_deepslate":64,"minecraft:iron_leggings":1,"minecraft:dark_oak_sapling":73,"minecraft:dark_oak_stairs":34,"minecraft:water_bucket":16,"minecraft:diorite":1,"minecraft:stone_pickaxe":36,"minecraft:dark_oak_sign":2,"minecraft:orange_tulip":2,"minecraft:composter":13,"minecraft:stonecutter":1,"minecraft:glow_berries":19,"minecraft:dark_oak_trapdoor":93,"minecraft:stripped_dark_oak_log":30,"minecraft:crafting_table":10,"minecraft:blast_furnace":2,"minecraft:dripstone_block":1,"minecraft:smoker":1,"minecraft:dark_oak_door":4,"minecraft:wooden_hoe":26,"minecraft:diamond_pickaxe":24,"minecraft:cornflower":2,"minecraft:dark_oak_log":722,"minecraft:bread":128,"minecraft:iron_pickaxe":993,"minecraft:gravel":3,"minecraft:pink_petals":34,"minecraft:diamond_sword":75,"minecraft:cobblestone":185,"minecraft:cooked_porkchop":3,"minecraft:white_banner":4,"minecraft:dark_oak_fence":4,"minecraft:bucket":19,"minecraft:andesite":1,"minecraft:glass_pane":30,"minecraft:yellow_bed":1,"minecraft:dandelion":2,"minecraft:bone_meal":39},"minecraft:crafted":{"minecraft:cherry_planks":168,"minecraft:oak_planks":20,"minecraft:cherry_slab":96,"minecraft:cooked_chicken":3,"minecraft:furnace":5,"minecraft:dark_oak_trapdoor":86,"minecraft:stone":360,"minecraft:dark_oak_sign":3,"minecraft:bone_meal":39,"minecraft:cooked_mutton":6,"minecraft:glass_pane":32,"minecraft:hopper":12,"minecraft:dark_oak_door":3,"minecraft:stone_brick_slab":8,"minecraft:dark_oak_fence":9,"minecraft:diamond_helmet":1,"minecraft:diamond_leggings":1,"minecraft:iron_boots":1,"minecraft:iron_axe":8,"minecraft:chest":32,"minecraft:diamond_boots":1,"minecraft:dark_oak_planks":1164,"minecraft:stone_bricks":15,"minecraft:wheat":519,"minecraft:smoker":1,"minecraft:cooked_beef":12,"minecraft:diamond_sword":1,"minecraft:cooked_porkchop":9,"minecraft:dark_oak_stairs":32,"minecraft:crafting_table":6,"minecraft:wooden_pickaxe":1,"minecraft:dried_kelp":91,"minecraft:iron_helmet":1,"minecraft:iron_sword":3,"minecraft:red_wool":17,"minecraft:bucket":1,"minecraft:bread":173,"minecraft:air":0,"minecraft:stone_brick_stairs":8,"minecraft:dark_oak_slab":12,"minecraft:iron_chestplate":1,"minecraft:wooden_hoe":1,"minecraft:diamond_pickaxe":1,"minecraft:shield":1,"minecraft:stick":240,"minecraft:iron_ingot":246,"minecraft:iron_pickaxe":5,"minecraft:gold_ingot":34,"minecraft:iron_shovel":7,"minecraft:iron_leggings":1,"minecraft:composter":13,"minecraft:torch":196,"minecraft:diamond_chestplate":1}},"DataVersion":3463}