{"stats":{"minecraft:crafted":{"minecraft:oak_planks":16,"minecraft:shield":1,"minecraft:crafting_table":1,"minecraft:stick":72,"minecraft:dried_kelp":91,"minecraft:wooden_pickaxe":1,"minecraft:iron_ingot":12,"minecraft:iron_pickaxe":1,"minecraft:chest":2,"minecraft:iron_sword":1,"minecraft:bucket":1,"minecraft:torch":196,"minecraft:air":0},"minecraft:used":{"minecraft:stone_pickaxe":36,"minecraft:dried_kelp":19,"minecraft:iron_pickaxe":21,"minecraft:chest":2,"minecraft:shield":4,"minecraft:iron_sword":31,"minecraft:torch":24,"minecraft:cobblestone":2,"minecraft:crafting_table":1,"minecraft:furnace":3,"minecraft:bucket":1},"minecraft:mined":{"minecraft:furnace":3,"minecraft:iron_ore":17,"minecraft:crafting_table":1,"minecraft:granite":6,"minecraft:oak_log":4,"minecraft:stone":30,"minecraft:oak_leaves":1,"minecraft:deepslate":1},"minecraft:killed":{"minecraft:witch":1,"minecraft:zombie":2},"minecraft:custom":{"minecraft:time_since_rest":15163,"minecraft:interact_with_furnace":55,"minecraft:sprint_one_cm":47636,"minecraft:damage_taken":165,"minecraft:walk_one_cm":56923,"minecraft:damage_blocked_by_shield":169,"minecraft:mob_kills":3,"minecraft:drop":10,"minecraft:damage_dealt":1549,"minecraft:interact_with_crafting_table":9,"minecraft:fly_one_cm":56819,"minecraft:open_chest":19,"minecraft:crouch_one_cm":2744,"minecraft:play_time":22365,"minecraft:sneak_time":1168,"minecraft:walk_under_water_one_cm":829,"minecraft:jump":421,"minecraft:leave_game":1,"minecraft:time_since_death":22365,"minecraft:walk_on_water_one_cm":1978,"minecraft:total_world_time":22365,"minecraft:fall_one_cm":6833},"minecraft:picked_up":{"minecraft:stick":4,"minecraft:raw_iron":17,"minecraft:crafting_table":1,"minecraft:torch":1,"minecraft:potion":1,"minecraft:dried_kelp":2,"minecraft:oak_log":4,"minecraft:spider_eye":4,"minecraft:bone":2,"minecraft:kelp":80,"minecraft:cobbled_deepslate":1,"minecraft:granite":4,"minecraft:coal":73,"minecraft:cobblestone":31,"minecraft:furnace":3},"minecraft:dropped":{"minecraft:furnace":3,"minecraft:cobbled_deepslate":1,"minecraft:cobblestone":69,"minecraft:dried_kelp":25,"minecraft:granite":4,"minecraft:stone_pickaxe":3}},"DataVersion":3463}