{"stats":{"minecraft:broken":{"minecraft:iron_shovel":5,"minecraft:iron_axe":3,"minecraft:iron_pickaxe":1},"minecraft:crafted":{"minecraft:cherry_planks":68,"minecraft:oak_planks":16,"minecraft:furnace":3,"minecraft:bone_meal":39,"minecraft:cooked_mutton":6,"minecraft:iron_boots":1,"minecraft:iron_axe":4,"minecraft:chest":6,"minecraft:dark_oak_planks":500,"minecraft:wheat":519,"minecraft:cooked_beef":12,"minecraft:cooked_porkchop":9,"minecraft:crafting_table":3,"minecraft:dried_kelp":91,"minecraft:wooden_pickaxe":1,"minecraft:iron_helmet":1,"minecraft:iron_sword":1,"minecraft:bucket":1,"minecraft:bread":173,"minecraft:air":0,"minecraft:wooden_hoe":1,"minecraft:iron_chestplate":1,"minecraft:shield":1,"minecraft:stick":208,"minecraft:iron_ingot":59,"minecraft:iron_pickaxe":2,"minecraft:iron_shovel":6,"minecraft:iron_leggings":1,"minecraft:torch":196},"minecraft:used":{"minecraft:cherry_sapling":10,"minecraft:iron_shovel":1468,"minecraft:dried_kelp":67,"minecraft:shield":11,"minecraft:chest":6,"minecraft:iron_sword":203,"minecraft:iron_chestplate":1,"minecraft:torch":26,"minecraft:dirt":1110,"minecraft:tuff":134,"minecraft:dark_oak_planks":440,"minecraft:iron_axe":863,"minecraft:iron_helmet":1,"minecraft:iron_boots":1,"minecraft:sweet_berries":14,"minecraft:furnace":6,"minecraft:cooked_beef":12,"minecraft:iron_leggings":1,"minecraft:dark_oak_sapling":44,"minecraft:diorite":1,"minecraft:stone_pickaxe":36,"minecraft:stonecutter":1,"minecraft:crafting_table":7,"minecraft:blast_furnace":1,"minecraft:wooden_hoe":26,"minecraft:dark_oak_log":344,"minecraft:bread":35,"minecraft:iron_pickaxe":338,"minecraft:cobblestone":107,"minecraft:bucket":1,"minecraft:yellow_bed":1,"minecraft:bone_meal":30},"minecraft:mined":{"minecraft:dark_oak_planks":8,"minecraft:tuff":115,"minecraft:white_bed":1,"minecraft:dark_oak_leaves":13,"minecraft:cherry_log":68,"minecraft:dark_oak_log":624,"minecraft:cave_vines_plant":1,"minecraft:granite":6,"minecraft:grass_block":1267,"minecraft:hay_block":65,"minecraft:furnace":3,"minecraft:iron_ore":53,"minecraft:andesite":6,"minecraft:dirt_path":1,"minecraft:azalea":1,"minecraft:stone":96,"minecraft:crafting_table":4,"minecraft:blast_furnace":1,"minecraft:tall_grass":1,"minecraft:cobblestone":5,"minecraft:lapis_ore":1,"minecraft:diorite":7,"minecraft:pink_petals":231,"minecraft:bee_nest":1,"minecraft:yellow_bed":1,"minecraft:grass":101,"minecraft:oak_log":4,"minecraft:coal_ore":61,"minecraft:cherry_leaves":69,"minecraft:dark_oak_sapling":3,"minecraft:sand":2,"minecraft:dirt":216,"minecraft:stonecutter":1,"minecraft:oak_leaves":11,"minecraft:deepslate":2},"minecraft:killed":{"minecraft:witch":1,"minecraft:spider":1,"minecraft:skeleton":3,"minecraft:bee":2,"minecraft:chicken":3,"minecraft:pig":4,"minecraft:creeper":1,"minecraft:sheep":5,"minecraft:pillager":2,"minecraft:zombie":13,"minecraft:cow":7},"minecraft:custom":{"minecraft:mob_kills":42,"minecraft:interact_with_crafting_table":44,"minecraft:leave_game":2,"minecraft:time_since_death":205613,"minecraft:climb_one_cm":255,"minecraft:sprint_one_cm":476468,"minecraft:walk_one_cm":606118,"minecraft:damage_blocked_by_shield":589,"minecraft:drop":47,"minecraft:talked_to_villager":1,"minecraft:play_time":205613,"minecraft:sneak_time":7888,"minecraft:walk_under_water_one_cm":7134,"minecraft:jump":3777,"minecraft:walk_on_water_one_cm":18883,"minecraft:total_world_time":205613,"minecraft:interact_with_furnace":119,"minecraft:interact_with_cartography_table":2,"minecraft:sleep_in_bed":11,"minecraft:time_since_rest":8881,"minecraft:damage_taken":2469,"minecraft:damage_dealt":8271,"minecraft:swim_one_cm":21581,"minecraft:fly_one_cm":709556,"minecraft:open_chest":89,"minecraft:crouch_one_cm":25959,"minecraft:fall_one_cm":110718},"minecraft:picked_up":{"minecraft:crafting_table":4,"minecraft:wheat":4,"minecraft:chicken":3,"minecraft:potion":3,"minecraft:iron_axe":1,"minecraft:cobbled_deepslate":2,"minecraft:beef":12,"minecraft:azalea":1,"minecraft:furnace":3,"minecraft:dark_oak_sapling":56,"minecraft:raw_iron":53,"minecraft:stick":24,"minecraft:torch":1,"minecraft:porkchop":9,"minecraft:dried_kelp":2,"minecraft:cherry_log":68,"minecraft:diorite":9,"minecraft:dark_oak_planks":8,"minecraft:arrow":1,"minecraft:rotten_flesh":16,"minecraft:hay_block":63,"minecraft:glow_berries":20,"minecraft:mutton":7,"minecraft:cobblestone":112,"minecraft:white_wool":5,"minecraft:pink_petals":806,"minecraft:feather":4,"minecraft:andesite":6,"minecraft:leather":6,"minecraft:tuff":115,"minecraft:oak_log":4,"minecraft:yellow_bed":2,"minecraft:lapis_lazuli":8,"minecraft:dirt":1246,"minecraft:white_banner":3,"minecraft:bone":6,"minecraft:apple":10,"minecraft:kelp":80,"minecraft:stonecutter":1,"minecraft:wheat_seeds":33,"minecraft:sweet_berries":28,"minecraft:sand":2,"minecraft:blast_furnace":1,"minecraft:white_bed":1,"minecraft:dark_oak_log":631,"minecraft:spider_eye":5,"minecraft:crossbow":1,"minecraft:granite":4,"minecraft:cherry_sapling":36,"minecraft:coal":137},"minecraft:dropped":{"minecraft:wheat_seeds":10,"minecraft:dark_oak_sapling":12,"minecraft:cobblestone":70,"minecraft:granite":4,"minecraft:dirt":192,"minecraft:torch":2,"minecraft:wooden_hoe":1,"minecraft:potion":3,"minecraft:dried_kelp":26,"minecraft:iron_axe":1,"minecraft:pink_petals":103,"minecraft:white_wool":4,"minecraft:furnace":3,"minecraft:compass":1,"minecraft:cobbled_deepslate":1,"minecraft:rotten_flesh":8,"minecraft:oak_planks":8,"minecraft:spider_eye":5,"minecraft:stone_pickaxe":3}},"DataVersion":3463}