{"stats":{"minecraft:crafted":{"minecraft:oak_planks":16,"minecraft:shield":1,"minecraft:crafting_table":1,"minecraft:iron_ingot":2,"minecraft:stick":4,"minecraft:air":0,"minecraft:dried_kelp":55,"minecraft:wooden_pickaxe":1},"minecraft:used":{"minecraft:cobblestone":2,"minecraft:crafting_table":1,"minecraft:stone_pickaxe":36,"minecraft:dried_kelp":4},"minecraft:mined":{"minecraft:granite":6,"minecraft:oak_log":4,"minecraft:stone":29,"minecraft:oak_leaves":1,"minecraft:crafting_table":1,"minecraft:deepslate":1},"minecraft:custom":{"minecraft:open_chest":11,"minecraft:time_since_rest":3163,"minecraft:crouch_one_cm":140,"minecraft:interact_with_furnace":24,"minecraft:play_time":10365,"minecraft:sprint_one_cm":18981,"minecraft:walk_one_cm":24582,"minecraft:sneak_time":40,"minecraft:walk_under_water_one_cm":598,"minecraft:jump":204,"minecraft:walk_on_water_one_cm":261,"minecraft:leave_game":1,"minecraft:time_since_death":10365,"minecraft:total_world_time":10365,"minecraft:interact_with_crafting_table":4,"minecraft:fall_one_cm":1999,"minecraft:fly_one_cm":24382},"minecraft:picked_up":{"minecraft:crafting_table":1,"minecraft:torch":1,"minecraft:cobbled_deepslate":1,"minecraft:granite":4,"minecraft:oak_log":4,"minecraft:cobblestone":29}},"DataVersion":3463}