{"stats":{"minecraft:broken":{"minecraft:iron_shovel":4,"minecraft:iron_axe":2},"minecraft:crafted":{"minecraft:cooked_beef":12,"minecraft:cherry_planks":68,"minecraft:oak_planks":16,"minecraft:cooked_porkchop":9,"minecraft:crafting_table":3,"minecraft:dried_kelp":91,"minecraft:wooden_pickaxe":1,"minecraft:iron_helmet":1,"minecraft:iron_sword":1,"minecraft:furnace":3,"minecraft:bone_meal":27,"minecraft:bucket":1,"minecraft:cooked_mutton":6,"minecraft:bread":173,"minecraft:air":0,"minecraft:wooden_hoe":1,"minecraft:iron_boots":1,"minecraft:iron_chestplate":1,"minecraft:shield":1,"minecraft:iron_axe":3,"minecraft:stick":208,"minecraft:iron_ingot":52,"minecraft:iron_pickaxe":1,"minecraft:iron_shovel":4,"minecraft:chest":4,"minecraft:iron_leggings":1,"minecraft:dark_oak_planks":4,"minecraft:torch":196,"minecraft:wheat":519},"minecraft:mined":{"minecraft:white_bed":1,"minecraft:dark_oak_leaves":9,"minecraft:cherry_log":68,"minecraft:dark_oak_log":470,"minecraft:crafting_table":4,"minecraft:cave_vines_plant":1,"minecraft:granite":6,"minecraft:blast_furnace":1,"minecraft:grass_block":834,"minecraft:tall_grass":1,"minecraft:diorite":6,"minecraft:pink_petals":226,"minecraft:hay_block":65,"minecraft:furnace":3,"minecraft:iron_ore":37,"minecraft:andesite":6,"minecraft:yellow_bed":1,"minecraft:grass":100,"minecraft:oak_log":4,"minecraft:coal_ore":22,"minecraft:dirt_path":1,"minecraft:dark_oak_sapling":3,"minecraft:cherry_leaves":41,"minecraft:sand":2,"minecraft:dirt":215,"minecraft:azalea":1,"minecraft:stonecutter":1,"minecraft:stone":91,"minecraft:oak_leaves":11,"minecraft:deepslate":1},"minecraft:used":{"minecraft:cherry_sapling":10,"minecraft:diorite":1,"minecraft:iron_shovel":1032,"minecraft:dried_kelp":67,"minecraft:stone_pickaxe":36,"minecraft:chest":4,"minecraft:shield":8,"minecraft:iron_sword":163,"minecraft:stonecutter":1,"minecraft:iron_chestplate":1,"minecraft:torch":26,"minecraft:dirt":1110,"minecraft:crafting_table":7,"minecraft:blast_furnace":1,"minecraft:wooden_hoe":26,"minecraft:dark_oak_log":10,"minecraft:iron_axe":600,"minecraft:bread":22,"minecraft:iron_pickaxe":152,"minecraft:iron_helmet":1,"minecraft:iron_boots":1,"minecraft:cobblestone":10,"minecraft:furnace":6,"minecraft:bucket":1,"minecraft:yellow_bed":1,"minecraft:cooked_beef":5,"minecraft:bone_meal":18,"minecraft:iron_leggings":1,"minecraft:dark_oak_sapling":9},"minecraft:killed":{"minecraft:pig":4,"minecraft:witch":1,"minecraft:spider":1,"minecraft:creeper":1,"minecraft:sheep":5,"minecraft:skeleton":1,"minecraft:bee":1,"minecraft:zombie":8,"minecraft:chicken":3,"minecraft:cow":7},"minecraft:custom":{"minecraft:interact_with_furnace":116,"minecraft:mob_kills":32,"minecraft:interact_with_cartography_table":2,"minecraft:interact_with_crafting_table":35,"minecraft:leave_game":2,"minecraft:time_since_death":157613,"minecraft:sleep_in_bed":7,"minecraft:climb_one_cm":255,"minecraft:time_since_rest":704,"minecraft:sprint_one_cm":355225,"minecraft:damage_taken":1378,"minecraft:walk_one_cm":414491,"minecraft:damage_blocked_by_shield":304,"minecraft:drop":47,"minecraft:damage_dealt":5709,"minecraft:talked_to_villager":1,"minecraft:swim_one_cm":20869,"minecraft:fly_one_cm":526180,"minecraft:open_chest":65,"minecraft:crouch_one_cm":18072,"minecraft:play_time":157613,"minecraft:sneak_time":5966,"minecraft:walk_under_water_one_cm":4695,"minecraft:jump":2818,"minecraft:walk_on_water_one_cm":9407,"minecraft:total_world_time":157613,"minecraft:fall_one_cm":74080},"minecraft:picked_up":{"minecraft:pink_petals":771,"minecraft:wheat":4,"minecraft:crafting_table":4,"minecraft:feather":4,"minecraft:chicken":3,"minecraft:andesite":6,"minecraft:leather":6,"minecraft:potion":3,"minecraft:oak_log":4,"minecraft:yellow_bed":2,"minecraft:dirt":812,"minecraft:iron_axe":1,"minecraft:bone":2,"minecraft:apple":9,"minecraft:kelp":80,"minecraft:stonecutter":1,"minecraft:wheat_seeds":32,"minecraft:cobbled_deepslate":1,"minecraft:beef":12,"minecraft:azalea":1,"minecraft:furnace":3,"minecraft:dark_oak_sapling":33,"minecraft:raw_iron":37,"minecraft:stick":18,"minecraft:sweet_berries":28,"minecraft:sand":2,"minecraft:torch":1,"minecraft:porkchop":9,"minecraft:dried_kelp":2,"minecraft:cherry_log":68,"minecraft:blast_furnace":1,"minecraft:diorite":8,"minecraft:white_bed":1,"minecraft:dark_oak_log":477,"minecraft:spider_eye":5,"minecraft:rotten_flesh":8,"minecraft:hay_block":63,"minecraft:granite":4,"minecraft:cherry_sapling":34,"minecraft:glow_berries":20,"minecraft:mutton":7,"minecraft:coal":98,"minecraft:white_wool":5,"minecraft:cobblestone":102},"minecraft:dropped":{"minecraft:furnace":3,"minecraft:compass":1,"minecraft:wheat_seeds":10,"minecraft:cobbled_deepslate":1,"minecraft:dark_oak_sapling":12,"minecraft:rotten_flesh":8,"minecraft:cobblestone":70,"minecraft:oak_planks":8,"minecraft:granite":4,"minecraft:dirt":192,"minecraft:wooden_hoe":1,"minecraft:torch":2,"minecraft:potion":3,"minecraft:dried_kelp":26,"minecraft:spider_eye":5,"minecraft:iron_axe":1,"minecraft:stone_pickaxe":3,"minecraft:pink_petals":103,"minecraft:white_wool":4}},"DataVersion":3463}