{"stats":{"minecraft:broken":{"minecraft:iron_shovel":5,"minecraft:iron_axe":8,"minecraft:iron_sword":1,"minecraft:iron_pickaxe":2},"minecraft:mined":{"minecraft:dark_oak_planks":21,"minecraft:tuff":134,"minecraft:white_bed":1,"minecraft:dark_oak_leaves":18,"minecraft:cherry_log":91,"minecraft:cherry_sapling":1,"minecraft:dark_oak_log":1078,"minecraft:cave_vines_plant":1,"minecraft:granite":6,"minecraft:grass_block":1290,"minecraft:hay_block":65,"minecraft:furnace":3,"minecraft:dark_oak_trapdoor":8,"minecraft:iron_ore":69,"minecraft:andesite":7,"minecraft:azure_bluet":1,"minecraft:dark_oak_stairs":5,"minecraft:dirt_path":1,"minecraft:azalea":1,"minecraft:stone":247,"minecraft:white_tulip":2,"minecraft:stripped_dark_oak_log":86,"minecraft:dandelion":7,"minecraft:crafting_table":4,"minecraft:cornflower":2,"minecraft:blast_furnace":2,"minecraft:poppy":5,"minecraft:glass":10,"minecraft:cobblestone":19,"minecraft:tall_grass":1,"minecraft:lapis_ore":1,"minecraft:diorite":7,"minecraft:pink_petals":241,"minecraft:dark_oak_slab":5,"minecraft:dark_oak_door":1,"minecraft:dark_oak_wall_sign":3,"minecraft:orange_tulip":9,"minecraft:yellow_bed":1,"minecraft:bee_nest":1,"minecraft:stone_brick_stairs":5,"minecraft:grass":111,"minecraft:coal_ore":124,"minecraft:oak_log":4,"minecraft:cherry_leaves":75,"minecraft:dark_oak_sapling":3,"minecraft:gravel":1,"minecraft:sand":2,"minecraft:dirt":244,"minecraft:stone_bricks":9,"minecraft:stonecutter":1,"minecraft:oak_leaves":11,"minecraft:deepslate":2},"minecraft:crafted":{"minecraft:cherry_planks":68,"minecraft:oak_planks":16,"minecraft:cooked_chicken":3,"minecraft:furnace":4,"minecraft:dark_oak_trapdoor":86,"minecraft:stone":360,"minecraft:dark_oak_sign":3,"minecraft:bone_meal":39,"minecraft:cooked_mutton":6,"minecraft:glass_pane":32,"minecraft:dark_oak_door":3,"minecraft:stone_brick_slab":8,"minecraft:dark_oak_fence":9,"minecraft:iron_boots":1,"minecraft:iron_axe":8,"minecraft:chest":6,"minecraft:dark_oak_planks":908,"minecraft:stone_bricks":15,"minecraft:smoker":1,"minecraft:wheat":519,"minecraft:cooked_beef":12,"minecraft:cooked_porkchop":9,"minecraft:dark_oak_stairs":32,"minecraft:crafting_table":4,"minecraft:dried_kelp":91,"minecraft:wooden_pickaxe":1,"minecraft:iron_helmet":1,"minecraft:iron_sword":1,"minecraft:red_wool":17,"minecraft:bucket":1,"minecraft:bread":173,"minecraft:air":0,"minecraft:stone_brick_stairs":8,"minecraft:dark_oak_slab":12,"minecraft:iron_chestplate":1,"minecraft:wooden_hoe":1,"minecraft:shield":1,"minecraft:stick":224,"minecraft:iron_ingot":75,"minecraft:iron_pickaxe":3,"minecraft:iron_shovel":7,"minecraft:iron_leggings":1,"minecraft:torch":196},"minecraft:killed":{"minecraft:witch":1,"minecraft:spider":2,"minecraft:horse":3,"minecraft:skeleton":4,"minecraft:bee":2,"minecraft:chicken":3,"minecraft:pig":4,"minecraft:zombie_villager":1,"minecraft:creeper":1,"minecraft:sheep":6,"minecraft:pillager":2,"minecraft:zombie":14,"minecraft:cow":7},"minecraft:dropped":{"minecraft:bread":1,"minecraft:dark_oak_stairs":3,"minecraft:wheat_seeds":34,"minecraft:dark_oak_sapling":13,"minecraft:cobblestone":70,"minecraft:apple":1,"minecraft:granite":4,"minecraft:stick":10,"minecraft:dirt":192,"minecraft:wooden_hoe":1,"minecraft:dark_oak_fence":5,"minecraft:torch":2,"minecraft:potion":3,"minecraft:dried_kelp":26,"minecraft:iron_axe":1,"minecraft:dark_oak_planks":2,"minecraft:pink_petals":106,"minecraft:white_wool":4,"minecraft:dandelion":5,"minecraft:furnace":3,"minecraft:compass":1,"minecraft:dark_oak_sign":1,"minecraft:cobbled_deepslate":1,"minecraft:rotten_flesh":18,"minecraft:oak_planks":8,"minecraft:azure_bluet":1,"minecraft:glass_pane":2,"minecraft:poppy":1,"minecraft:azalea":1,"minecraft:spider_eye":7,"minecraft:stone_pickaxe":3},"minecraft:used":{"minecraft:cherry_sapling":10,"minecraft:iron_shovel":1506,"minecraft:dried_kelp":67,"minecraft:poppy":4,"minecraft:chest":6,"minecraft:shield":17,"minecraft:iron_sword":242,"minecraft:iron_chestplate":1,"minecraft:torch":46,"minecraft:dirt":1389,"minecraft:tuff":143,"minecraft:glass":40,"minecraft:stone_brick_slab":4,"minecraft:dark_oak_planks":535,"minecraft:lava_bucket":2,"minecraft:red_wool":6,"minecraft:iron_axe":1995,"minecraft:iron_helmet":1,"minecraft:dark_oak_slab":16,"minecraft:iron_boots":1,"minecraft:stone_brick_stairs":21,"minecraft:stone_bricks":167,"minecraft:sweet_berries":16,"minecraft:furnace":6,"minecraft:cooked_beef":12,"minecraft:cobbled_deepslate":1,"minecraft:iron_leggings":1,"minecraft:dark_oak_sapling":73,"minecraft:dark_oak_stairs":34,"minecraft:water_bucket":3,"minecraft:diorite":1,"minecraft:stone_pickaxe":36,"minecraft:dark_oak_sign":2,"minecraft:orange_tulip":2,"minecraft:stonecutter":1,"minecraft:dark_oak_trapdoor":93,"minecraft:stripped_dark_oak_log":30,"minecraft:crafting_table":8,"minecraft:blast_furnace":2,"minecraft:smoker":1,"minecraft:dark_oak_door":4,"minecraft:wooden_hoe":26,"minecraft:cornflower":2,"minecraft:dark_oak_log":722,"minecraft:bread":68,"minecraft:iron_pickaxe":620,"minecraft:pink_petals":3,"minecraft:cobblestone":126,"minecraft:dark_oak_fence":4,"minecraft:bucket":6,"minecraft:glass_pane":30,"minecraft:yellow_bed":1,"minecraft:dandelion":2,"minecraft:bone_meal":30},"minecraft:picked_up":{"minecraft:crafting_table":4,"minecraft:wheat":4,"minecraft:azure_bluet":1,"minecraft:chicken":3,"minecraft:potion":3,"minecraft:stone_brick_stairs":5,"minecraft:cornflower":2,"minecraft:string":4,"minecraft:dark_oak_trapdoor":8,"minecraft:iron_axe":1,"minecraft:cobbled_deepslate":2,"minecraft:beef":12,"minecraft:white_tulip":2,"minecraft:azalea":1,"minecraft:poppy":5,"minecraft:furnace":3,"minecraft:dark_oak_door":1,"minecraft:dark_oak_sapling":105,"minecraft:stick":47,"minecraft:raw_iron":67,"minecraft:torch":2,"minecraft:porkchop":9,"minecraft:dried_kelp":2,"minecraft:cherry_log":91,"minecraft:pointed_dripstone":5,"minecraft:diorite":9,"minecraft:dark_oak_planks":21,"minecraft:arrow":1,"minecraft:rotten_flesh":16,"minecraft:hay_block":63,"minecraft:glow_berries":20,"minecraft:mutton":8,"minecraft:cobblestone":276,"minecraft:white_wool":6,"minecraft:pink_petals":821,"minecraft:feather":4,"minecraft:andesite":7,"minecraft:leather":8,"minecraft:tuff":134,"minecraft:oak_log":4,"minecraft:yellow_bed":2,"minecraft:dirt":1292,"minecraft:lapis_lazuli":8,"minecraft:white_banner":3,"minecraft:bone":6,"minecraft:apple":12,"minecraft:stone_bricks":9,"minecraft:kelp":80,"minecraft:stonecutter":1,"minecraft:orange_tulip":6,"minecraft:wheat_seeds":35,"minecraft:dark_oak_sign":3,"minecraft:dark_oak_stairs":5,"minecraft:dark_oak_slab":5,"minecraft:sweet_berries":28,"minecraft:dandelion":7,"minecraft:gravel":1,"minecraft:sand":2,"minecraft:blast_furnace":2,"minecraft:white_bed":1,"minecraft:spider_eye":7,"minecraft:dark_oak_log":1085,"minecraft:granite":4,"minecraft:crossbow":1,"minecraft:cherry_sapling":46,"minecraft:bread":1,"minecraft:stripped_dark_oak_log":86,"minecraft:coal":200},"minecraft:custom":{"minecraft:mob_kills":51,"minecraft:interact_with_crafting_table":84,"minecraft:leave_game":5,"minecraft:time_since_death":381083,"minecraft:climb_one_cm":255,"minecraft:sprint_one_cm":860376,"minecraft:walk_one_cm":912021,"minecraft:damage_blocked_by_shield":879,"minecraft:drop":71,"minecraft:talked_to_villager":2,"minecraft:play_time":381083,"minecraft:sneak_time":16681,"minecraft:walk_under_water_one_cm":7846,"minecraft:jump":5971,"minecraft:interact_with_blast_furnace":5,"minecraft:walk_on_water_one_cm":21417,"minecraft:total_world_time":381083,"minecraft:interact_with_furnace":187,"minecraft:interact_with_cartography_table":2,"minecraft:interact_with_stonecutter":14,"minecraft:sleep_in_bed":20,"minecraft:time_since_rest":19714,"minecraft:damage_taken":3339,"minecraft:damage_dealt":10538,"minecraft:swim_one_cm":26414,"minecraft:fly_one_cm":1145731,"minecraft:open_chest":211,"minecraft:crouch_one_cm":52836,"minecraft:interact_with_smoker":3,"minecraft:fall_one_cm":168045}},"DataVersion":3463}