{"stats":{"minecraft:crafted":{"minecraft:oak_planks":16,"minecraft:crafting_table":2,"minecraft:dried_kelp":91,"minecraft:wooden_pickaxe":1,"minecraft:iron_helmet":1,"minecraft:iron_sword":1,"minecraft:furnace":2,"minecraft:bucket":1,"minecraft:bread":45,"minecraft:air":0,"minecraft:wooden_hoe":1,"minecraft:iron_boots":1,"minecraft:iron_chestplate":1,"minecraft:shield":1,"minecraft:stick":72,"minecraft:iron_ingot":45,"minecraft:iron_pickaxe":1,"minecraft:chest":2,"minecraft:iron_leggings":1,"minecraft:torch":196,"minecraft:wheat":135},"minecraft:used":{"minecraft:dried_kelp":67,"minecraft:stone_pickaxe":36,"minecraft:chest":2,"minecraft:shield":7,"minecraft:iron_sword":159,"minecraft:iron_chestplate":1,"minecraft:torch":26,"minecraft:crafting_table":3,"minecraft:wooden_hoe":17,"minecraft:bread":3,"minecraft:iron_pickaxe":90,"minecraft:iron_helmet":1,"minecraft:iron_boots":1,"minecraft:cobblestone":10,"minecraft:furnace":5,"minecraft:bucket":1,"minecraft:iron_leggings":1},"minecraft:mined":{"minecraft:white_bed":1,"minecraft:crafting_table":2,"minecraft:granite":6,"minecraft:blast_furnace":1,"minecraft:hay_block":56,"minecraft:furnace":3,"minecraft:iron_ore":37,"minecraft:grass":6,"minecraft:oak_log":4,"minecraft:coal_ore":22,"minecraft:stonecutter":1,"minecraft:stone":53,"minecraft:oak_leaves":4,"minecraft:deepslate":1},"minecraft:killed":{"minecraft:pig":4,"minecraft:witch":1,"minecraft:spider":1,"minecraft:creeper":1,"minecraft:sheep":4,"minecraft:skeleton":1,"minecraft:zombie":8,"minecraft:chicken":3,"minecraft:cow":7},"minecraft:custom":{"minecraft:interact_with_furnace":88,"minecraft:mob_kills":30,"minecraft:interact_with_cartography_table":2,"minecraft:interact_with_crafting_table":19,"minecraft:leave_game":1,"minecraft:time_since_death":46365,"minecraft:time_since_rest":39163,"minecraft:sprint_one_cm":124792,"minecraft:damage_taken":488,"minecraft:walk_one_cm":125022,"minecraft:damage_blocked_by_shield":264,"minecraft:drop":32,"minecraft:damage_dealt":5529,"minecraft:talked_to_villager":1,"minecraft:swim_one_cm":4899,"minecraft:fly_one_cm":151765,"minecraft:open_chest":23,"minecraft:crouch_one_cm":5913,"minecraft:play_time":46365,"minecraft:sneak_time":2025,"minecraft:walk_under_water_one_cm":3691,"minecraft:jump":958,"minecraft:walk_on_water_one_cm":5086,"minecraft:total_world_time":46365,"minecraft:fall_one_cm":20603},"minecraft:picked_up":{"minecraft:crafting_table":2,"minecraft:feather":4,"minecraft:chicken":3,"minecraft:leather":6,"minecraft:potion":3,"minecraft:oak_log":4,"minecraft:yellow_bed":1,"minecraft:bone":2,"minecraft:kelp":80,"minecraft:stonecutter":1,"minecraft:wheat_seeds":1,"minecraft:cobbled_deepslate":1,"minecraft:beef":12,"minecraft:furnace":3,"minecraft:raw_iron":37,"minecraft:stick":4,"minecraft:torch":1,"minecraft:porkchop":9,"minecraft:dried_kelp":2,"minecraft:blast_furnace":1,"minecraft:white_bed":1,"minecraft:spider_eye":5,"minecraft:rotten_flesh":8,"minecraft:hay_block":56,"minecraft:granite":4,"minecraft:mutton":6,"minecraft:coal":98,"minecraft:white_wool":4,"minecraft:cobblestone":54},"minecraft:dropped":{"minecraft:furnace":3,"minecraft:compass":1,"minecraft:wheat_seeds":1,"minecraft:cobbled_deepslate":1,"minecraft:rotten_flesh":8,"minecraft:cobblestone":70,"minecraft:oak_planks":8,"minecraft:granite":4,"minecraft:torch":2,"minecraft:potion":2,"minecraft:dried_kelp":26,"minecraft:spider_eye":5,"minecraft:stone_pickaxe":3}},"DataVersion":3463}