{"stats":{"minecraft:broken":{"minecraft:iron_shovel":5,"minecraft:iron_axe":2},"minecraft:crafted":{"minecraft:cherry_planks":68,"minecraft:oak_planks":16,"minecraft:furnace":3,"minecraft:bone_meal":27,"minecraft:cooked_mutton":6,"minecraft:iron_boots":1,"minecraft:iron_axe":3,"minecraft:chest":4,"minecraft:dark_oak_planks":500,"minecraft:wheat":519,"minecraft:cooked_beef":12,"minecraft:cooked_porkchop":9,"minecraft:crafting_table":3,"minecraft:dried_kelp":91,"minecraft:wooden_pickaxe":1,"minecraft:iron_helmet":1,"minecraft:iron_sword":1,"minecraft:bucket":1,"minecraft:bread":173,"minecraft:air":0,"minecraft:wooden_hoe":1,"minecraft:iron_chestplate":1,"minecraft:shield":1,"minecraft:stick":208,"minecraft:iron_ingot":59,"minecraft:iron_pickaxe":1,"minecraft:iron_shovel":6,"minecraft:iron_leggings":1,"minecraft:torch":196},"minecraft:used":{"minecraft:cherry_sapling":10,"minecraft:iron_shovel":1468,"minecraft:dried_kelp":67,"minecraft:shield":10,"minecraft:chest":4,"minecraft:iron_sword":177,"minecraft:iron_chestplate":1,"minecraft:torch":26,"minecraft:dirt":1110,"minecraft:tuff":44,"minecraft:dark_oak_planks":403,"minecraft:iron_axe":700,"minecraft:iron_helmet":1,"minecraft:iron_boots":1,"minecraft:sweet_berries":14,"minecraft:furnace":6,"minecraft:cooked_beef":11,"minecraft:iron_leggings":1,"minecraft:dark_oak_sapling":21,"minecraft:diorite":1,"minecraft:stone_pickaxe":36,"minecraft:stonecutter":1,"minecraft:crafting_table":7,"minecraft:blast_furnace":1,"minecraft:wooden_hoe":26,"minecraft:dark_oak_log":111,"minecraft:bread":24,"minecraft:iron_pickaxe":221,"minecraft:cobblestone":106,"minecraft:bucket":1,"minecraft:yellow_bed":1,"minecraft:bone_meal":18},"minecraft:mined":{"minecraft:dark_oak_planks":7,"minecraft:tuff":64,"minecraft:white_bed":1,"minecraft:dark_oak_leaves":9,"minecraft:cherry_log":68,"minecraft:dark_oak_log":471,"minecraft:cave_vines_plant":1,"minecraft:granite":6,"minecraft:grass_block":1266,"minecraft:hay_block":65,"minecraft:furnace":3,"minecraft:iron_ore":37,"minecraft:andesite":6,"minecraft:dirt_path":1,"minecraft:azalea":1,"minecraft:stone":91,"minecraft:crafting_table":4,"minecraft:blast_furnace":1,"minecraft:tall_grass":1,"minecraft:cobblestone":4,"minecraft:diorite":6,"minecraft:pink_petals":231,"minecraft:bee_nest":1,"minecraft:yellow_bed":1,"minecraft:grass":101,"minecraft:oak_log":4,"minecraft:coal_ore":22,"minecraft:cherry_leaves":41,"minecraft:dark_oak_sapling":3,"minecraft:sand":2,"minecraft:dirt":215,"minecraft:stonecutter":1,"minecraft:oak_leaves":11,"minecraft:deepslate":1},"minecraft:killed":{"minecraft:witch":1,"minecraft:spider":1,"minecraft:skeleton":2,"minecraft:bee":2,"minecraft:chicken":3,"minecraft:pig":4,"minecraft:creeper":1,"minecraft:sheep":5,"minecraft:zombie":9,"minecraft:cow":7},"minecraft:custom":{"minecraft:mob_kills":35,"minecraft:interact_with_crafting_table":41,"minecraft:leave_game":2,"minecraft:time_since_death":181613,"minecraft:climb_one_cm":255,"minecraft:sprint_one_cm":417722,"minecraft:walk_one_cm":553557,"minecraft:damage_blocked_by_shield":499,"minecraft:drop":47,"minecraft:talked_to_villager":1,"minecraft:play_time":181613,"minecraft:sneak_time":6040,"minecraft:walk_under_water_one_cm":4695,"minecraft:jump":3289,"minecraft:walk_on_water_one_cm":11914,"minecraft:total_world_time":181613,"minecraft:interact_with_furnace":117,"minecraft:interact_with_cartography_table":2,"minecraft:sleep_in_bed":8,"minecraft:time_since_rest":11215,"minecraft:damage_taken":1859,"minecraft:damage_dealt":6479,"minecraft:swim_one_cm":20869,"minecraft:fly_one_cm":630030,"minecraft:open_chest":82,"minecraft:crouch_one_cm":18414,"minecraft:fall_one_cm":93084},"minecraft:picked_up":{"minecraft:crafting_table":4,"minecraft:wheat":4,"minecraft:chicken":3,"minecraft:potion":3,"minecraft:iron_axe":1,"minecraft:cobbled_deepslate":1,"minecraft:beef":12,"minecraft:azalea":1,"minecraft:furnace":3,"minecraft:dark_oak_sapling":33,"minecraft:raw_iron":37,"minecraft:stick":18,"minecraft:torch":1,"minecraft:porkchop":9,"minecraft:dried_kelp":2,"minecraft:cherry_log":68,"minecraft:diorite":8,"minecraft:dark_oak_planks":7,"minecraft:arrow":1,"minecraft:rotten_flesh":8,"minecraft:hay_block":63,"minecraft:glow_berries":20,"minecraft:mutton":7,"minecraft:cobblestone":106,"minecraft:white_wool":5,"minecraft:pink_petals":806,"minecraft:feather":4,"minecraft:andesite":6,"minecraft:leather":6,"minecraft:tuff":64,"minecraft:oak_log":4,"minecraft:yellow_bed":2,"minecraft:dirt":1244,"minecraft:bone":4,"minecraft:apple":9,"minecraft:kelp":80,"minecraft:stonecutter":1,"minecraft:wheat_seeds":33,"minecraft:sweet_berries":28,"minecraft:sand":2,"minecraft:blast_furnace":1,"minecraft:white_bed":1,"minecraft:dark_oak_log":478,"minecraft:spider_eye":5,"minecraft:granite":4,"minecraft:cherry_sapling":34,"minecraft:coal":98},"minecraft:dropped":{"minecraft:wheat_seeds":10,"minecraft:dark_oak_sapling":12,"minecraft:cobblestone":70,"minecraft:granite":4,"minecraft:dirt":192,"minecraft:torch":2,"minecraft:wooden_hoe":1,"minecraft:potion":3,"minecraft:dried_kelp":26,"minecraft:iron_axe":1,"minecraft:pink_petals":103,"minecraft:white_wool":4,"minecraft:furnace":3,"minecraft:compass":1,"minecraft:cobbled_deepslate":1,"minecraft:rotten_flesh":8,"minecraft:oak_planks":8,"minecraft:spider_eye":5,"minecraft:stone_pickaxe":3}},"DataVersion":3463}