{"stats":{"minecraft:broken":{"minecraft:iron_shovel":4},"minecraft:crafted":{"minecraft:cooked_beef":12,"minecraft:cherry_planks":68,"minecraft:oak_planks":16,"minecraft:cooked_porkchop":9,"minecraft:crafting_table":2,"minecraft:dried_kelp":91,"minecraft:wooden_pickaxe":1,"minecraft:iron_helmet":1,"minecraft:iron_sword":1,"minecraft:furnace":2,"minecraft:bone_meal":27,"minecraft:bucket":1,"minecraft:cooked_mutton":6,"minecraft:bread":173,"minecraft:air":0,"minecraft:wooden_hoe":1,"minecraft:iron_boots":1,"minecraft:iron_chestplate":1,"minecraft:shield":1,"minecraft:iron_axe":1,"minecraft:stick":208,"minecraft:iron_ingot":48,"minecraft:iron_pickaxe":1,"minecraft:iron_shovel":4,"minecraft:chest":4,"minecraft:iron_leggings":1,"minecraft:torch":196,"minecraft:wheat":519},"minecraft:mined":{"minecraft:white_bed":1,"minecraft:dark_oak_leaves":1,"minecraft:cherry_log":68,"minecraft:dark_oak_log":58,"minecraft:crafting_table":4,"minecraft:granite":6,"minecraft:blast_furnace":1,"minecraft:grass_block":832,"minecraft:pink_petals":226,"minecraft:hay_block":65,"minecraft:furnace":3,"minecraft:iron_ore":37,"minecraft:yellow_bed":1,"minecraft:grass":100,"minecraft:oak_log":4,"minecraft:coal_ore":22,"minecraft:dirt_path":1,"minecraft:dark_oak_sapling":3,"minecraft:cherry_leaves":41,"minecraft:dirt":210,"minecraft:stonecutter":1,"minecraft:stone":53,"minecraft:oak_leaves":4,"minecraft:deepslate":1},"minecraft:used":{"minecraft:cherry_sapling":10,"minecraft:diorite":1,"minecraft:iron_shovel":1032,"minecraft:dried_kelp":67,"minecraft:stone_pickaxe":36,"minecraft:chest":4,"minecraft:shield":7,"minecraft:iron_sword":162,"minecraft:stonecutter":1,"minecraft:iron_chestplate":1,"minecraft:torch":26,"minecraft:dirt":1110,"minecraft:crafting_table":6,"minecraft:blast_furnace":1,"minecraft:wooden_hoe":26,"minecraft:dark_oak_log":10,"minecraft:iron_axe":172,"minecraft:bread":14,"minecraft:iron_pickaxe":91,"minecraft:iron_helmet":1,"minecraft:iron_boots":1,"minecraft:cobblestone":10,"minecraft:furnace":5,"minecraft:bucket":1,"minecraft:yellow_bed":1,"minecraft:cooked_beef":2,"minecraft:bone_meal":18,"minecraft:iron_leggings":1,"minecraft:dark_oak_sapling":9},"minecraft:killed":{"minecraft:pig":4,"minecraft:witch":1,"minecraft:spider":1,"minecraft:creeper":1,"minecraft:sheep":4,"minecraft:skeleton":1,"minecraft:bee":1,"minecraft:zombie":8,"minecraft:chicken":3,"minecraft:cow":7},"minecraft:custom":{"minecraft:interact_with_furnace":113,"minecraft:mob_kills":31,"minecraft:interact_with_cartography_table":2,"minecraft:interact_with_crafting_table":31,"minecraft:leave_game":1,"minecraft:time_since_death":130365,"minecraft:sleep_in_bed":7,"minecraft:time_since_rest":135,"minecraft:sprint_one_cm":262106,"minecraft:damage_taken":878,"minecraft:walk_one_cm":369691,"minecraft:damage_blocked_by_shield":264,"minecraft:drop":46,"minecraft:damage_dealt":5629,"minecraft:talked_to_villager":1,"minecraft:swim_one_cm":4899,"minecraft:fly_one_cm":430786,"minecraft:open_chest":65,"minecraft:crouch_one_cm":15710,"minecraft:play_time":130365,"minecraft:sneak_time":4597,"minecraft:walk_under_water_one_cm":3891,"minecraft:jump":2284,"minecraft:walk_on_water_one_cm":5172,"minecraft:total_world_time":130365,"minecraft:fall_one_cm":53692},"minecraft:picked_up":{"minecraft:pink_petals":771,"minecraft:wheat":4,"minecraft:crafting_table":4,"minecraft:feather":4,"minecraft:chicken":3,"minecraft:leather":6,"minecraft:potion":3,"minecraft:oak_log":4,"minecraft:yellow_bed":2,"minecraft:dirt":805,"minecraft:iron_axe":1,"minecraft:bone":2,"minecraft:apple":2,"minecraft:kelp":80,"minecraft:stonecutter":1,"minecraft:wheat_seeds":32,"minecraft:cobbled_deepslate":1,"minecraft:beef":12,"minecraft:furnace":3,"minecraft:dark_oak_sapling":10,"minecraft:raw_iron":37,"minecraft:stick":13,"minecraft:torch":1,"minecraft:porkchop":9,"minecraft:dried_kelp":2,"minecraft:cherry_log":68,"minecraft:blast_furnace":1,"minecraft:diorite":1,"minecraft:white_bed":1,"minecraft:dark_oak_log":60,"minecraft:spider_eye":5,"minecraft:rotten_flesh":8,"minecraft:hay_block":63,"minecraft:granite":4,"minecraft:cherry_sapling":34,"minecraft:mutton":6,"minecraft:coal":98,"minecraft:white_wool":4,"minecraft:cobblestone":54},"minecraft:dropped":{"minecraft:furnace":3,"minecraft:compass":1,"minecraft:wheat_seeds":10,"minecraft:cobbled_deepslate":1,"minecraft:rotten_flesh":8,"minecraft:cobblestone":70,"minecraft:oak_planks":8,"minecraft:granite":4,"minecraft:dirt":192,"minecraft:wooden_hoe":1,"minecraft:torch":2,"minecraft:potion":3,"minecraft:dried_kelp":26,"minecraft:spider_eye":5,"minecraft:iron_axe":1,"minecraft:stone_pickaxe":3,"minecraft:pink_petals":103,"minecraft:white_wool":4}},"DataVersion":3463}