{"stats":{"minecraft:broken":{"minecraft:iron_shovel":5,"minecraft:iron_axe":6,"minecraft:iron_pickaxe":1},"minecraft:crafted":{"minecraft:cherry_planks":68,"minecraft:oak_planks":16,"minecraft:furnace":3,"minecraft:bone_meal":39,"minecraft:cooked_mutton":6,"minecraft:iron_boots":1,"minecraft:iron_axe":7,"minecraft:chest":6,"minecraft:dark_oak_planks":500,"minecraft:wheat":519,"minecraft:cooked_beef":12,"minecraft:cooked_porkchop":9,"minecraft:crafting_table":3,"minecraft:dried_kelp":91,"minecraft:wooden_pickaxe":1,"minecraft:iron_helmet":1,"minecraft:iron_sword":1,"minecraft:bucket":1,"minecraft:bread":173,"minecraft:air":0,"minecraft:wooden_hoe":1,"minecraft:iron_chestplate":1,"minecraft:shield":1,"minecraft:stick":208,"minecraft:iron_ingot":75,"minecraft:iron_pickaxe":2,"minecraft:iron_shovel":6,"minecraft:iron_leggings":1,"minecraft:torch":196},"minecraft:used":{"minecraft:cherry_sapling":10,"minecraft:iron_shovel":1504,"minecraft:dried_kelp":67,"minecraft:shield":11,"minecraft:chest":6,"minecraft:iron_sword":203,"minecraft:iron_chestplate":1,"minecraft:torch":26,"minecraft:dirt":1145,"minecraft:tuff":143,"minecraft:dark_oak_planks":440,"minecraft:iron_axe":1606,"minecraft:iron_helmet":1,"minecraft:iron_boots":1,"minecraft:sweet_berries":14,"minecraft:furnace":6,"minecraft:cooked_beef":12,"minecraft:cobbled_deepslate":1,"minecraft:iron_leggings":1,"minecraft:dark_oak_sapling":73,"minecraft:diorite":1,"minecraft:stone_pickaxe":36,"minecraft:stonecutter":1,"minecraft:stripped_dark_oak_log":2,"minecraft:crafting_table":7,"minecraft:blast_furnace":1,"minecraft:wooden_hoe":26,"minecraft:dark_oak_log":639,"minecraft:bread":42,"minecraft:iron_pickaxe":339,"minecraft:cobblestone":112,"minecraft:bucket":1,"minecraft:yellow_bed":1,"minecraft:bone_meal":30},"minecraft:mined":{"minecraft:dark_oak_planks":8,"minecraft:tuff":116,"minecraft:white_bed":1,"minecraft:dark_oak_leaves":16,"minecraft:cherry_log":68,"minecraft:dark_oak_log":845,"minecraft:cave_vines_plant":1,"minecraft:granite":6,"minecraft:grass_block":1287,"minecraft:hay_block":65,"minecraft:furnace":3,"minecraft:iron_ore":53,"minecraft:andesite":6,"minecraft:dirt_path":1,"minecraft:azalea":1,"minecraft:stone":96,"minecraft:stripped_dark_oak_log":30,"minecraft:crafting_table":4,"minecraft:blast_furnace":1,"minecraft:tall_grass":1,"minecraft:cobblestone":5,"minecraft:lapis_ore":1,"minecraft:diorite":7,"minecraft:pink_petals":231,"minecraft:bee_nest":1,"minecraft:yellow_bed":1,"minecraft:grass":108,"minecraft:oak_log":4,"minecraft:coal_ore":61,"minecraft:cherry_leaves":71,"minecraft:dark_oak_sapling":3,"minecraft:sand":2,"minecraft:dirt":232,"minecraft:stonecutter":1,"minecraft:oak_leaves":11,"minecraft:deepslate":2},"minecraft:killed":{"minecraft:witch":1,"minecraft:spider":1,"minecraft:skeleton":3,"minecraft:bee":2,"minecraft:chicken":3,"minecraft:pig":4,"minecraft:creeper":1,"minecraft:sheep":5,"minecraft:pillager":2,"minecraft:zombie":13,"minecraft:cow":7},"minecraft:custom":{"minecraft:mob_kills":42,"minecraft:interact_with_crafting_table":47,"minecraft:leave_game":3,"minecraft:time_since_death":268849,"minecraft:climb_one_cm":255,"minecraft:sprint_one_cm":548879,"minecraft:walk_one_cm":674075,"minecraft:damage_blocked_by_shield":589,"minecraft:drop":48,"minecraft:talked_to_villager":1,"minecraft:play_time":268849,"minecraft:sneak_time":10613,"minecraft:walk_under_water_one_cm":7134,"minecraft:jump":4313,"minecraft:walk_on_water_one_cm":18883,"minecraft:total_world_time":268849,"minecraft:interact_with_furnace":120,"minecraft:interact_with_cartography_table":2,"minecraft:sleep_in_bed":13,"minecraft:time_since_rest":13940,"minecraft:damage_taken":2714,"minecraft:damage_dealt":8271,"minecraft:swim_one_cm":21581,"minecraft:fly_one_cm":813010,"minecraft:open_chest":95,"minecraft:crouch_one_cm":35932,"minecraft:fall_one_cm":119236},"minecraft:picked_up":{"minecraft:crafting_table":4,"minecraft:wheat":4,"minecraft:chicken":3,"minecraft:potion":3,"minecraft:iron_axe":1,"minecraft:cobbled_deepslate":2,"minecraft:beef":12,"minecraft:azalea":1,"minecraft:furnace":3,"minecraft:dark_oak_sapling":88,"minecraft:raw_iron":53,"minecraft:stick":40,"minecraft:torch":1,"minecraft:porkchop":9,"minecraft:dried_kelp":2,"minecraft:cherry_log":68,"minecraft:diorite":9,"minecraft:dark_oak_planks":8,"minecraft:arrow":1,"minecraft:rotten_flesh":16,"minecraft:hay_block":63,"minecraft:glow_berries":20,"minecraft:mutton":7,"minecraft:cobblestone":112,"minecraft:white_wool":5,"minecraft:pink_petals":806,"minecraft:feather":4,"minecraft:andesite":6,"minecraft:leather":6,"minecraft:tuff":116,"minecraft:oak_log":4,"minecraft:yellow_bed":2,"minecraft:lapis_lazuli":8,"minecraft:dirt":1279,"minecraft:white_banner":3,"minecraft:bone":6,"minecraft:apple":11,"minecraft:kelp":80,"minecraft:stonecutter":1,"minecraft:wheat_seeds":34,"minecraft:sweet_berries":28,"minecraft:sand":2,"minecraft:blast_furnace":1,"minecraft:white_bed":1,"minecraft:dark_oak_log":852,"minecraft:spider_eye":5,"minecraft:crossbow":1,"minecraft:granite":4,"minecraft:cherry_sapling":36,"minecraft:stripped_dark_oak_log":30,"minecraft:coal":137},"minecraft:dropped":{"minecraft:wheat_seeds":10,"minecraft:dark_oak_sapling":13,"minecraft:cobblestone":70,"minecraft:granite":4,"minecraft:dirt":192,"minecraft:torch":2,"minecraft:wooden_hoe":1,"minecraft:potion":3,"minecraft:dried_kelp":26,"minecraft:iron_axe":1,"minecraft:pink_petals":103,"minecraft:white_wool":4,"minecraft:furnace":3,"minecraft:compass":1,"minecraft:cobbled_deepslate":1,"minecraft:rotten_flesh":8,"minecraft:oak_planks":8,"minecraft:spider_eye":5,"minecraft:stone_pickaxe":3}},"DataVersion":3463}